original,alias,added_at
013C,013C.DU,2026-02-14 21:20:00
02G.SS,02G.DU,2026-02-14 21:20:00
02M,02M.DU,2026-02-14 21:20:00
04Q.HE,04Q.DE,2026-02-14 21:20:00
0EF,0EF.DU,2026-02-14 21:20:00
0GS,0GS.DU,2026-02-14 21:20:00
0ME,0ME.DU,2026-02-14 21:20:00
0NU,0NU.DU,2026-02-14 21:20:00
0OK,0OK.DU,2026-02-14 21:20:00
0PY,0PY.DU,2026-02-14 21:20:00
0Q0,0Q0.DU,2026-02-14 21:20:00
0Q2,0Q2.DU,2026-02-14 21:20:00
0Q3,0Q3.DE,2026-02-14 21:20:00
0QF,0QF.DE,2026-02-14 21:20:00
0QN,0QN.DU,2026-02-14 21:20:00
0TL.SI,0TL.DU,2026-02-14 21:20:00
0UB.SW,0UB.DE,2026-02-14 21:20:00
0V6,0V6.DU,2026-02-14 21:20:00
0YU,0YU.DU,2026-02-14 21:20:00
0ZC,0ZC.DE,2026-02-14 21:20:00
0ZG,0ZG.DU,2026-02-14 21:20:00
11C.WA,11C.DU,2026-02-14 21:20:00
11L.TO,11L.DU,2026-02-14 21:20:00
12DA,12DA.DE,2026-02-14 21:20:00
12F.TO,12F.DU,2026-02-14 21:20:00
13M,13M.DU,2026-02-14 21:20:00
13X,13X.DU,2026-02-14 21:20:00
19H,19H.DU,2026-02-14 21:20:00
36E.TO,36E.DU,2026-02-14 21:20:00
37C.AS,37C.DE,2026-02-14 21:20:00
39EA.SS,39EA.DU,2026-02-14 21:20:00
3AG1.T,3AG1.DU,2026-02-14 21:20:00
3BX,3BX.DU,2026-02-14 21:20:00
3CP,3CP.DU,2026-02-14 21:20:00
3E1.AS,3E1.DE,2026-02-14 21:20:00
3FO.TO,3FO.F,2026-02-14 21:20:00
3HH,3HH.DU,2026-02-14 21:20:00
3IN,3IN.L,2026-02-14 21:20:00
3LN,3LN.DE,2026-02-14 21:20:00
3P7.CO,3P7.DE,2026-02-14 21:20:00
3S9,3S9.DE,2026-02-14 21:20:00
3U6,3U6.DU,2026-02-14 21:20:00
3UX,3UX.DU,2026-02-14 21:20:00
3V64,3V64.DE,2026-02-14 21:20:00
45C,45C.DU,2026-02-14 21:20:00
45T,45T.DU,2026-02-14 21:20:00
47V.JO,47V.DU,2026-02-14 21:20:00
48Z,48Z.DE,2026-02-14 21:20:00
49V,49V.DU,2026-02-14 21:20:00
49Z.ST,49Z.DU,2026-02-14 21:20:00
4AB,4AB.DE,2026-02-14 21:20:00
4BW,4BW.DU,2026-02-14 21:20:00
4BY.HK,4BY.DE,2026-02-14 21:20:00
4GE.MX,4GE.DU,2026-02-14 21:20:00
4I1,4I1.DE,2026-02-14 21:20:00
4LRA,4LRA.DU,2026-02-14 21:20:00
4OQ1,4OQ1.DU,2026-02-14 21:20:00
4PN,4PN.DE,2026-02-14 21:20:00
55H0,55H0.DU,2026-02-14 21:20:00
5AP,5AP.DE,2026-02-14 21:20:00
5BG.TO,5BG.DU,2026-02-14 21:20:00
5Q5,5Q5.DE,2026-02-14 21:20:00
5UR,5UR.DE,2026-02-14 21:20:00
68V,68V.DU,2026-02-14 21:20:00
6B0,6B0.DU,2026-02-14 21:20:00
6B6,6B6.DU,2026-02-14 21:20:00
6BF,6BF.DU,2026-02-14 21:20:00
6MK,6MK.DE,2026-02-14 21:20:00
6NE.TO,6NE.DU,2026-02-14 21:20:00
6PU,6PU.DU,2026-02-14 21:20:00
6Q81,6Q81.DU,2026-02-14 21:20:00
6RJ0,6RJ0.DU,2026-02-14 21:20:00
6RV,6RV.DU,2026-02-14 21:20:00
6Z1,6Z1.DE,2026-02-14 21:20:00
71Y,71Y.DU,2026-02-14 21:20:00
7A2.HK,7A2.DE,2026-02-14 21:20:00
7B0,7B0.DU,2026-02-14 21:20:00
7DB,7DB.DE,2026-02-14 21:20:00
7DG,7DG.DE,2026-02-14 21:20:00
7HP,7HP.DE,2026-02-14 21:20:00
7KY,7KY.DU,2026-02-14 21:20:00
7PV,7PV.DU,2026-02-14 21:20:00
7VS.ST,7VS.DU,2026-02-14 21:20:00
7XP,7XP.DU,2026-02-14 21:20:00
7XU,7XU.DU,2026-02-14 21:20:00
82W,82W.DU,2026-02-14 21:20:00
8BZ.T,8BZ.DU,2026-02-14 21:20:00
8CF,8CF.DU,2026-02-14 21:20:00
8FR,8FR.DU,2026-02-14 21:20:00
8GC,8GC.DU,2026-02-14 21:20:00
8GM,8GM.DE,2026-02-14 21:20:00
8JO1.ST,8JO1.DU,2026-02-14 21:20:00
8K2,8K2.DU,2026-02-14 21:20:00
8QR,8QR.DU,2026-02-14 21:20:00
8T8,8T8.DU,2026-02-14 21:20:00
8XP,8XP.DU,2026-02-14 21:20:00
99U,99U.DU,2026-02-14 21:20:00
9A2,9A2.DU,2026-02-14 21:20:00
9CF,9CF.DU,2026-02-14 21:20:00
9MW,9MW.DE,2026-02-14 21:20:00
9SH,9SH.DU,2026-02-14 21:20:00
9UV,9UV.DU,2026-02-14 21:20:00
A1G,A1G.AX,2026-02-14 21:20:00
A4S,A4S.DE,2026-02-14 21:20:00
A58,A58.DE,2026-02-14 21:20:00
A6I,A6I.DU,2026-02-14 21:20:00
A6N,A6N.DU,2026-02-14 21:20:00
A8B,A8B.DE,2026-02-14 21:20:00
AA4,AA4.F,2026-02-14 21:20:00
ABEA,ABEA.DE,2026-02-14 21:20:00
ABEC,ABEC.DE,2026-02-14 21:20:00
ABR0.TO,ABR0.DE,2026-02-14 21:20:00
ACG,ACG.F,2026-02-14 21:20:00
AD2.SS,AD2.DE,2026-02-14 21:20:00
ADB,ADB.DE,2026-02-14 21:20:00
ADJ,ADJ.DE,2026-02-14 21:20:00
AE9.TO,AE9.DU,2026-02-14 21:20:00
AEC1,AEC1.DE,2026-02-14 21:20:00
AFT,AFT.DE,2026-02-14 21:20:00
AFW,AFW.DE,2026-02-14 21:20:00
AGJ,AGJ.DU,2026-02-14 21:20:00
AGN,AGN.AS,2026-02-14 21:20:00
AGT,AGT.DU,2026-02-14 21:20:00
AH91,AH91.DE,2026-02-14 21:20:00
AHI,AHI.AX,2026-02-14 21:20:00
AHLA,AHLA.DE,2026-02-14 21:20:00
AIBG.IR,AIBG.L,2026-02-14 21:20:00
AIC,AIC.L,2026-02-14 21:20:00
AIR.AS,AIR,2026-02-14 21:20:00
AK1,AK1.DE,2026-02-14 21:20:00
AK3,AK3.DU,2026-02-14 21:20:00
ALAMA.L,ALAMA.PA,2026-02-14 21:20:00
ALE,ALE.DU,2026-02-14 21:20:00
ALHGO.L,ALHGO.PA,2026-02-14 21:20:00
ALMEX.MI,ALMEX.PA,2026-02-14 21:20:00
ALRPD.L,ALRPD.PA,2026-02-14 21:20:00
ALS,ALS.DE,2026-02-14 21:20:00
AMP.SI,AMP,2026-02-14 21:20:00
AMRQ.TO,AMRQ.L,2026-02-14 21:20:00
AMS.VI,AMS,2026-02-14 21:20:00
AMZ,AMZ.DE,2026-02-14 21:20:00
ANIC,ANIC.L,2026-02-14 21:20:00
AOTI,AOTI.L,2026-02-14 21:20:00
AP2,AP2.DE,2026-02-14 21:20:00
AP3,AP3.DE,2026-02-14 21:20:00
APPS.MC,APPS,2026-02-14 21:20:00
ARB.L,ARB,2026-02-14 21:20:00
ARC.OL,ARC.AX,2026-02-14 21:20:00
ARS,ARS.L,2026-02-14 21:20:00
AS7,AS7.DU,2026-02-14 21:20:00
ASG.MI,ASG,2026-02-14 21:20:00
ASI1.T,ASI1.DU,2026-02-14 21:20:00
ASTR,ASTR.V,2026-02-14 21:20:00
ASTR.L,ASTR.V,2026-02-14 21:20:00
AT1,AT1.AX,2026-02-14 21:20:00
AT4,AT4.AX,2026-02-14 21:20:00
ATM,ATM.AX,2026-02-14 21:20:00
AUD,AUD.DE,2026-02-14 21:20:00
AURA.AX,AURA,2026-02-14 21:20:00
AWC,AWC.DE,2026-02-14 21:20:00
AWM,AWM.DE,2026-02-14 21:20:00
B1C,B1C.DU,2026-02-14 21:20:00
B1CB,B1CB.DU,2026-02-14 21:20:00
B90,B90.L,2026-02-14 21:20:00
BAIN,BAIN.PA,2026-02-14 21:20:00
BBD.A.TO,BBD,2026-02-14 21:20:00
BBDC.TO,BBDC,2026-02-14 21:20:00
BBN1,BBN1.DU,2026-02-14 21:20:00
BCE1.TO,BCE1.DU,2026-02-14 21:20:00
BCY.L,BCY.DE,2026-02-14 21:20:00
BF5B,BF5B.DU,2026-02-14 21:20:00
BFSA,BFSA.DE,2026-02-14 21:20:00
BHL,BHL.AX,2026-02-14 21:20:00
BHP1.AX,BHP1.DU,2026-02-14 21:20:00
BKJ,BKJ.DU,2026-02-14 21:20:00
BKN.TO,BKN,2026-02-14 21:20:00
BLS.SW,BLS.BO,2026-02-14 21:20:00
BN9,BN9.DE,2026-02-14 21:20:00
BNC.MC,BNC,2026-02-14 21:20:00
BOKU,BOKU.L,2026-02-14 21:20:00
BPE5.L,BPE5.DE,2026-02-14 21:20:00
BRM,BRM.DE,2026-02-14 21:20:00
BSP.L,BSP.DE,2026-02-14 21:20:00
BTW,BTW.DU,2026-02-14 21:20:00
BUY,BUY.AX,2026-02-14 21:20:00
BXT.TO,BXT.DE,2026-02-14 21:20:00
BY6.SS,BY6.DU,2026-02-14 21:20:00
BZ9,BZ9.DU,2026-02-14 21:20:00
BZG2,BZG2.DU,2026-02-14 21:20:00
BZZ.TO,BZZ.DU,2026-02-14 21:20:00
C0Q.SW,C0Q.DU,2026-02-14 21:20:00
C1C1.HE,C1C1.DU,2026-02-14 21:20:00
C67,C67.DU,2026-02-14 21:20:00
C6G.SS,C6G.DU,2026-02-14 21:20:00
C6T.SS,C6T.DE,2026-02-14 21:20:00
C7A0.SS,C7A0.DU,2026-02-14 21:20:00
C7N,C7N.DU,2026-02-14 21:20:00
C9F,C9F.DE,2026-02-14 21:20:00
CA8A,CA8A.DU,2026-02-14 21:20:00
CAN.PA,CAN,2026-02-14 21:20:00
CAT1,CAT1.DE,2026-02-14 21:20:00
CB1A,CB1A.DE,2026-02-14 21:20:00
CBGB.CO,CBGB.DE,2026-02-14 21:20:00
CBHD.CO,CBHD.DE,2026-02-14 21:20:00
CCC3,CCC3.DE,2026-02-14 21:20:00
CCH.SW,CCH.L,2026-02-14 21:20:00
CCR.IR,CCR.AX,2026-02-14 21:20:00
CDM1,CDM1.DE,2026-02-14 21:20:00
CDR.MC,CDR.AX,2026-02-14 21:20:00
CDS,CDS.DE,2026-02-14 21:20:00
CF2,CF2.DU,2026-02-14 21:20:00
CFX,CFX.DU,2026-02-14 21:20:00
CGN,CGN.DE,2026-02-14 21:20:00
CGNR.IR,CGNR.L,2026-02-14 21:20:00
CH2,CH2.DU,2026-02-14 21:20:00
CH6,CH6.DU,2026-02-14 21:20:00
CHL.SS,CHL.AX,2026-02-14 21:20:00
CHQ1,CHQ1.DU,2026-02-14 21:20:00
CHRY,CHRY.L,2026-02-14 21:20:00
CHU.SS,CHU.DE,2026-02-14 21:20:00
CHV,CHV.DE,2026-02-14 21:20:00
CHW.TO,CHW,2026-02-14 21:20:00
CIE1,CIE1.DE,2026-02-14 21:20:00
CIS,CIS.DE,2026-02-14 21:20:00
CIT,CIT.DE,2026-02-14 21:20:00
CJ6.TO,CJ6.DU,2026-02-14 21:20:00
CKI,CKI.L,2026-02-14 21:20:00
CLIS,CLIS.TA,2026-02-14 21:20:00
CNE.TO,CNE.F,2026-02-14 21:20:00
CNN1.T,CNN1.DU,2026-02-14 21:20:00
CO3A,CO3A.DU,2026-02-14 21:20:00
CO6,CO6.DU,2026-02-14 21:20:00
COPN.AS,COPN.SW,2026-02-14 21:20:00
COXE.MX,COXE.MC,2026-02-14 21:20:00
COY,COY.AX,2026-02-14 21:20:00
COZ,COZ.DE,2026-02-14 21:20:00
CPW,CPW.DU,2026-02-14 21:20:00
CQD,CQD.DE,2026-02-14 21:20:00
CRA1.AX,CRA1.DU,2026-02-14 21:20:00
CRC.TO,CRC,2026-02-14 21:20:00
CRH.IR,CRH,2026-02-14 21:20:00
CRN.IR,CRN.AX,2026-02-14 21:20:00
CRTA,CRTA.L,2026-02-14 21:20:00
CRTX,CRTX.L,2026-02-14 21:20:00
CS2,CS2.DU,2026-02-14 21:20:00
CSJ.AX,CSJ.DU,2026-02-14 21:20:00
CSW.B.TO,CSW,2026-02-14 21:20:00
CTL,CTL.BO,2026-02-14 21:20:00
CTP2,CTP2.DE,2026-02-14 21:20:00
CTW0.TO,CTW0.DU,2026-02-14 21:20:00
CUM,CUM.DE,2026-02-14 21:20:00
CV0,CV0.DU,2026-02-14 21:20:00
CVC,CVC.AS,2026-02-14 21:20:00
CVC1,CVC1.DU,2026-02-14 21:20:00
CVCG,CVCG.L,2026-02-14 21:20:00
CWW.AX,CWW.DU,2026-02-14 21:20:00
CXGH.SS,CXGH.DE,2026-02-14 21:20:00
CXU,CXU.AX,2026-02-14 21:20:00
CXX,CXX.DE,2026-02-14 21:20:00
CY2.TO,CY2.DU,2026-02-14 21:20:00
CYTH,CYTH.DU,2026-02-14 21:20:00
D2G.CO,D2G.DE,2026-02-14 21:20:00
D2MN,D2MN.DE,2026-02-14 21:20:00
D4S.T,D4S.DU,2026-02-14 21:20:00
D7G.OL,D7G.DU,2026-02-14 21:20:00
D7N.SS,D7N.DU,2026-02-14 21:20:00
DAP,DAP.DE,2026-02-14 21:20:00
DC4,DC4.DE,2026-02-14 21:20:00
DCC.IR,DCC.AX,2026-02-14 21:20:00
DD2,DD2.DU,2026-02-14 21:20:00
DEBS,DEBS.L,2026-02-14 21:20:00
DEVL.SI,DEVL.DU,2026-02-14 21:20:00
DEVO,DEVO.L,2026-02-14 21:20:00
DFPP.TO,DFPP.DU,2026-02-14 21:20:00
DG3,DG3.DU,2026-02-14 21:20:00
DHER,DHER.DE,2026-02-14 21:20:00
DKI.T,DKI,2026-02-14 21:20:00
DLG.L,DLG.MI,2026-02-14 21:20:00
DLY.AS,DLY,2026-02-14 21:20:00
DM,DM.V,2026-02-14 21:20:00
DN3.T,DN3.DU,2026-02-14 21:20:00
DNQ.OL,DNQ.DU,2026-02-14 21:20:00
DO2,DO2.DE,2026-02-14 21:20:00
DOD,DOD.DE,2026-02-14 21:20:00
DP5,DP5.DU,2026-02-14 21:20:00
DS3,DS3.DU,2026-02-14 21:20:00
DS81.CO,DS81.DE,2026-02-14 21:20:00
DSFIR.SW,DSFIR.AS,2026-02-14 21:20:00
DT3,DT3.DE,2026-02-14 21:20:00
DUKE,DUKE.L,2026-02-14 21:20:00
DUL,DUL.DE,2026-02-14 21:20:00
DUT,DUT.DU,2026-02-14 21:20:00
DWD,DWD.DE,2026-02-14 21:20:00
DY6,DY6.DE,2026-02-14 21:20:00
DYH,DYH.DE,2026-02-14 21:20:00
E0P,E0P.DE,2026-02-14 21:20:00
E3G1.ST,E3G1.DU,2026-02-14 21:20:00
E3M,E3M.DU,2026-02-14 21:20:00
E3X1,E3X1.DE,2026-02-14 21:20:00
E7S,E7S.DU,2026-02-14 21:20:00
EB2,EB2.DU,2026-02-14 21:20:00
EBA,EBA.DE,2026-02-14 21:20:00
ECJ,ECJ.DE,2026-02-14 21:20:00
EDGA.JO,EDGA.DU,2026-02-14 21:20:00
EDR,EDR.MC,2026-02-14 21:20:00
EIA.HE,EIA.DU,2026-02-14 21:20:00
EJT1.L,EJT1.DE,2026-02-14 21:20:00
EK7.SS,EK7.DE,2026-02-14 21:20:00
ELAA,ELAA.DE,2026-02-14 21:20:00
ELO1.TO,ELO1.DU,2026-02-14 21:20:00
EMG,EMG.L,2026-02-14 21:20:00
EN3.TO,EN3.DU,2026-02-14 21:20:00
ENI.BR,ENI.DE,2026-02-14 21:20:00
ENL.MI,ENL.AX,2026-02-14 21:20:00
ENT,ENT.AX,2026-02-14 21:20:00
ENUR.HE,ENUR.DU,2026-02-14 21:20:00
ENX.AS,ENX.AX,2026-02-14 21:20:00
EO5,EO5.DE,2026-02-14 21:20:00
EPIC.L,EPIC.BO,2026-02-14 21:20:00
EQ6,EQ6.DE,2026-02-14 21:20:00
EQT.IR,EQT,2026-02-14 21:20:00
ERCB.ST,ERCB.DE,2026-02-14 21:20:00
ERT,ERT.DE,2026-02-14 21:20:00
EVR.L,EVR,2026-02-14 21:20:00
EXN.PA,EXN.V,2026-02-14 21:20:00
EZV,EZV.DU,2026-02-14 21:20:00
F1YN.TO,F1YN.DU,2026-02-14 21:20:00
F3A,F3A.DE,2026-02-14 21:20:00
F8P.AX,F8P.DU,2026-02-14 21:20:00
FA1,FA1.DU,2026-02-14 21:20:00
FAA.VI,FAA.DE,2026-02-14 21:20:00
FADL,FADL.L,2026-02-14 21:20:00
FB2A,FB2A.DE,2026-02-14 21:20:00
FDO,FDO.DU,2026-02-14 21:20:00
FERGR.L,FERGR.AS,2026-02-14 21:20:00
FEY,FEY.DU,2026-02-14 21:20:00
FFV,FFV.DU,2026-02-14 21:20:00
FHL,FHL.DU,2026-02-14 21:20:00
FIV,FIV.DE,2026-02-14 21:20:00
FJK.T,FJK.DU,2026-02-14 21:20:00
FJZ.SS,FJZ.DE,2026-02-14 21:20:00
FLTR.IR,FLTR,2026-02-14 21:20:00
FMC1,FMC1.DE,2026-02-14 21:20:00
FMNB.MI,FMNB,2026-02-14 21:20:00
FMQ,FMQ.DU,2026-02-14 21:20:00
FMV.TO,FMV.DE,2026-02-14 21:20:00
FN.TO,FN,2026-02-14 21:20:00
FO5,FO5.DE,2026-02-14 21:20:00
FO8,FO8.DU,2026-02-14 21:20:00
FOG.TO,FOG.L,2026-02-14 21:20:00
FOO,FOO.DE,2026-02-14 21:20:00
FOT.HE,FOT.DU,2026-02-14 21:20:00
FP,FP.L,2026-02-14 21:20:00
FP3,FP3.DU,2026-02-14 21:20:00
FPH.DE,FPH,2026-02-14 21:20:00
FPMB,FPMB.DE,2026-02-14 21:20:00
FRK,FRK.DU,2026-02-14 21:20:00
FRYA.ST,FRYA.DU,2026-02-14 21:20:00
FS5A,FS5A.DU,2026-02-14 21:20:00
FUC.T,FUC.DU,2026-02-14 21:20:00
FUJ1.T,FUJ1.DU,2026-02-14 21:20:00
FVJ.AX,FVJ.DU,2026-02-14 21:20:00
FZM.SS,FZM.DU,2026-02-14 21:20:00
GAH,GAH.DU,2026-02-14 21:20:00
GAL.TO,GAL,2026-02-14 21:20:00
GCP,GCP.DE,2026-02-14 21:20:00
GE9.CO,GE9.DE,2026-02-14 21:20:00
GENE,GENE.L,2026-02-14 21:20:00
GENL,GENL.L,2026-02-14 21:20:00
GEO.AX,GEO,2026-02-14 21:20:00
GFTU.IR,GFTU.L,2026-02-14 21:20:00
GKP,GKP.BO,2026-02-14 21:20:00
GLB.IR,GLB.AX,2026-02-14 21:20:00
GLEN,GLEN.BO,2026-02-14 21:20:00
GNC.IR,GNC.AX,2026-02-14 21:20:00
GOS,GOS.DE,2026-02-14 21:20:00
GRL,GRL.AX,2026-02-14 21:20:00
GRM,GRM.DE,2026-02-14 21:20:00
GRU,GRU.DU,2026-02-14 21:20:00
GRV.SS,GRV.AX,2026-02-14 21:20:00
GS2C,GS2C.DE,2026-02-14 21:20:00
GS71.L,GS71.DE,2026-02-14 21:20:00
GST,GST.L,2026-02-14 21:20:00
GU81.L,GU81.DE,2026-02-14 21:20:00
GUI.L,GUI.DE,2026-02-14 21:20:00
GWMO.IR,GWMO.L,2026-02-14 21:20:00
GYC,GYC.DE,2026-02-14 21:20:00
HAM1.JO,HAM1.DU,2026-02-14 21:20:00
HANA,HANA.L,2026-02-14 21:20:00
HBC1.L,HBC1.DE,2026-02-14 21:20:00
HBX.L,HBX.MC,2026-02-14 21:20:00
HC1,HC1.DU,2026-02-14 21:20:00
HCL,HCL.AX,2026-02-14 21:20:00
HDI,HDI.DE,2026-02-14 21:20:00
HDP1,HDP1.DU,2026-02-14 21:20:00
HE1,HE1.F,2026-02-14 21:20:00
HF6,HF6.DU,2026-02-14 21:20:00
HHPD,HHPD.L,2026-02-14 21:20:00
HI91,HI91.DE,2026-02-14 21:20:00
HMSB.ST,HMSB.DE,2026-02-14 21:20:00
HO2,HO2.DU,2026-02-14 21:20:00
HO7,HO7.DU,2026-02-14 21:20:00
HRS,HRS.BO,2026-02-14 21:20:00
HSBK,HSBK.L,2026-02-14 21:20:00
HSD,HSD.L,2026-02-14 21:20:00
HSX,HSX.L,2026-02-14 21:20:00
HUKI.HE,HUKI.DU,2026-02-14 21:20:00
HXG.ST,HXG.DU,2026-02-14 21:20:00
HY9H,HY9H.DU,2026-02-14 21:20:00
I8U.T,I8U.DU,2026-02-14 21:20:00
IAL.TO,IAL.DU,2026-02-14 21:20:00
IC2,IC2.DE,2026-02-14 21:20:00
ICK.SS,ICK.DE,2026-02-14 21:20:00
ICY,ICY.DU,2026-02-14 21:20:00
IDHC,IDHC.L,2026-02-14 21:20:00
IDI,IDI.DU,2026-02-14 21:20:00
IDP,IDP.DE,2026-02-14 21:20:00
IES.MI,IES.DE,2026-02-14 21:20:00
IK1,IK1.DU,2026-02-14 21:20:00
ILT,ILT.AX,2026-02-14 21:20:00
ILU,ILU.AX,2026-02-14 21:20:00
INA.LS,INA.AX,2026-02-14 21:20:00
INC.MC,INC,2026-02-14 21:20:00
INL,INL.DE,2026-02-14 21:20:00
INPST,INPST.AS,2026-02-14 21:20:00
INTO.BR,INTO,2026-02-14 21:20:00
IOC.T,IOC.BO,2026-02-14 21:20:00
IPC,IPC.AX,2026-02-14 21:20:00
IPHB.JO,IPHB.DU,2026-02-14 21:20:00
ITB.L,ITB,2026-02-14 21:20:00
ITU,ITU.DE,2026-02-14 21:20:00
IU2.OL,IU2.DU,2026-02-14 21:20:00
IUI1,IUI1.DE,2026-02-14 21:20:00
IVG.AS,IVG.AX,2026-02-14 21:20:00
IVS.ST,IVS.DU,2026-02-14 21:20:00
IWG,IWG.DU,2026-02-14 21:20:00
IX1,IX1.DE,2026-02-14 21:20:00
J4V.OL,J4V.DU,2026-02-14 21:20:00
JAP.T,JAP.DU,2026-02-14 21:20:00
JARA,JARA.L,2026-02-14 21:20:00
JAT.T,JAT.AX,2026-02-14 21:20:00
JEP.OL,JEP.DU,2026-02-14 21:20:00
JHJ.T,JHJ.DU,2026-02-14 21:20:00
JIX.SS,JIX.DE,2026-02-14 21:20:00
JM2,JM2.DE,2026-02-14 21:20:00
K34.HE,K34.DU,2026-02-14 21:20:00
K7X.TO,K7X.DU,2026-02-14 21:20:00
KAP,KAP.DU,2026-02-14 21:20:00
KB7,KB7.DU,2026-02-14 21:20:00
KC4.HE,KC4.DU,2026-02-14 21:20:00
KCH,KCH.DU,2026-02-14 21:20:00
KEE.T,KEE.DU,2026-02-14 21:20:00
KEK.HE,KEK.DU,2026-02-14 21:20:00
KEM.HE,KEM,2026-02-14 21:20:00
KETL,KETL.L,2026-02-14 21:20:00
KGHA.WA,KGHA.DU,2026-02-14 21:20:00
KHE.T,KHE.DU,2026-02-14 21:20:00
KHNZ,KHNZ.DE,2026-02-14 21:20:00
KIN2.TO,KIN2.DE,2026-02-14 21:20:00
KLA,KLA.DE,2026-02-14 21:20:00
KLR,KLR.AX,2026-02-14 21:20:00
KMY,KMY.DE,2026-02-14 21:20:00
KOA.T,KOA.DU,2026-02-14 21:20:00
KOG,KOG.DE,2026-02-14 21:20:00
KOM1.T,KOM1.DU,2026-02-14 21:20:00
KOZ1.OL,KOZ1.DU,2026-02-14 21:20:00
KR1,KR1.F,2026-02-14 21:20:00
KR51,KR51.DU,2026-02-14 21:20:00
KRR.TO,KRR.AX,2026-02-14 21:20:00
KY6,KY6.DU,2026-02-14 21:20:00
L0T,L0T.DU,2026-02-14 21:20:00
L87,L87.DU,2026-02-14 21:20:00
LE0,LE0.DU,2026-02-14 21:20:00
LEV.TO,LEV.MC,2026-02-14 21:20:00
LEX,LEX.AX,2026-02-14 21:20:00
LGI.L,LGI,2026-02-14 21:20:00
LHL.HK,LHL.DU,2026-02-14 21:20:00
LHV,LHV.DU,2026-02-14 21:20:00
LIN.IR,LIN,2026-02-14 21:20:00
LLD.L,LLD.DE,2026-02-14 21:20:00
LMN.AS,LMN.SW,2026-02-14 21:20:00
LN3,LN3.DU,2026-02-14 21:20:00
LOM,LOM.DE,2026-02-14 21:20:00
LTOD,LTOD.L,2026-02-14 21:20:00
LWB.AX,LWB.DU,2026-02-14 21:20:00
LWE,LWE.DU,2026-02-14 21:20:00
LY0,LY0.DE,2026-02-14 21:20:00
LYI.AX,LYI.DU,2026-02-14 21:20:00
M1Z,M1Z.DU,2026-02-14 21:20:00
M44,M44.DE,2026-02-14 21:20:00
M4B.SS,M4B.DU,2026-02-14 21:20:00
M4I,M4I.DE,2026-02-14 21:20:00
M5Z.DE,M5Z.DU,2026-02-14 21:20:00
M6Q.HE,M6Q.DU,2026-02-14 21:20:00
MAQ,MAQ.AX,2026-02-14 21:20:00
MARA.T,MARA,2026-02-14 21:20:00
MAT1.T,MAT1.DU,2026-02-14 21:20:00
MBI.T,MBI,2026-02-14 21:20:00
MBO,MBO.L,2026-02-14 21:20:00
MCON.IR,MCON.L,2026-02-14 21:20:00
MCP,MCP.AX,2026-02-14 21:20:00
MCX,MCX.BO,2026-02-14 21:20:00
MDO,MDO.DE,2026-02-14 21:20:00
MED.MC,MED,2026-02-14 21:20:00
MFX,MFX.L,2026-02-14 21:20:00
MGG,MGG.DU,2026-02-14 21:20:00
MHL,MHL.DE,2026-02-14 21:20:00
MIGA,MIGA.DU,2026-02-14 21:20:00
MIH.T,MIH.DU,2026-02-14 21:20:00
MILA.T,MILA.DU,2026-02-14 21:20:00
MIO.MC,MIO.AX,2026-02-14 21:20:00
MKA.TO,MKA.L,2026-02-14 21:20:00
MKO,MKO.DU,2026-02-14 21:20:00
MLB1,MLB1.DE,2026-02-14 21:20:00
MMF,MMF.DU,2026-02-14 21:20:00
MMO.T,MMO.DU,2026-02-14 21:20:00
MONI.MC,MONI,2026-02-14 21:20:00
MPN,MPN.DE,2026-02-14 21:20:00
MRIN,MRIN.TA,2026-02-14 21:20:00
MRL.L,MRL.LS,2026-02-14 21:20:00
MS51,MS51.DE,2026-02-14 21:20:00
MSF,MSF.DE,2026-02-14 21:20:00
MTA.HE,MTA,2026-02-14 21:20:00
MTE,MTE.DE,2026-02-14 21:20:00
MTL,MTL.AX,2026-02-14 21:20:00
MTLA,MTLA.DE,2026-02-14 21:20:00
MTS1.T,MTS1.DU,2026-02-14 21:20:00
MWE,MWE.L,2026-02-14 21:20:00
MWZ,MWZ.DE,2026-02-14 21:20:00
MX4A,MX4A.DE,2026-02-14 21:20:00
MYX,MYX.AX,2026-02-14 21:20:00
N3I,N3I.DU,2026-02-14 21:20:00
N7I,N7I.DU,2026-02-14 21:20:00
N7T.TO,N7T.DU,2026-02-14 21:20:00
NAQ,NAQ.DE,2026-02-14 21:20:00
NB.TO,NB,2026-02-14 21:20:00
NB3,NB3.DU,2026-02-14 21:20:00
NCB,NCB.DE,2026-02-14 21:20:00
NCYT.PA,NCYT.L,2026-02-14 21:20:00
NEF.HE,NEF.DU,2026-02-14 21:20:00
NEN.T,NEN,2026-02-14 21:20:00
NF0,NF0.DU,2026-02-14 21:20:00
NGL0.L,NGL0.DE,2026-02-14 21:20:00
NJB.ST,NJB.DU,2026-02-14 21:20:00
NKB2,NKB2.DU,2026-02-14 21:20:00
NLB,NLB.L,2026-02-14 21:20:00
NNGF.L,NNGF.DE,2026-02-14 21:20:00
NNM,NNM.DU,2026-02-14 21:20:00
NNND,NNND.DU,2026-02-14 21:20:00
NNW.JO,NNW.DU,2026-02-14 21:20:00
NOA3.HE,NOA3.DE,2026-02-14 21:20:00
NOH1.OL,NOH1.DU,2026-02-14 21:20:00
NOV.CO,NOV,2026-02-14 21:20:00
NP5.MI,NP5.DE,2026-02-14 21:20:00
NPS.T,NPS.DU,2026-02-14 21:20:00
NQG,NQG.DU,2026-02-14 21:20:00
NRA,NRA.DE,2026-02-14 21:20:00
NS7.AX,NS7.DU,2026-02-14 21:20:00
NTA,NTA.DE,2026-02-14 21:20:00
NTH,NTH.DE,2026-02-14 21:20:00
NTO.T,NTO.DU,2026-02-14 21:20:00
NUO,NUO.DU,2026-02-14 21:20:00
NWRN.MI,NWRN.SW,2026-02-14 21:20:00
NWT,NWT.DE,2026-02-14 21:20:00
NZM2.CO,NZM2.DE,2026-02-14 21:20:00
OCKA.TO,OCKA.DU,2026-02-14 21:20:00
OCN,OCN.AX,2026-02-14 21:20:00
ODF,ODF.DU,2026-02-14 21:20:00
OFK.HE,OFK.DU,2026-02-14 21:20:00
OGL,OGL.DU,2026-02-14 21:20:00
ONK,ONK.DE,2026-02-14 21:20:00
OPC,OPC.DE,2026-02-14 21:20:00
ORJ,ORJ.DU,2026-02-14 21:20:00
OYC,OYC.DE,2026-02-14 21:20:00
P8S0,P8S0.DU,2026-02-14 21:20:00
PA2.TO,PA2.DU,2026-02-14 21:20:00
PA9,PA9.DE,2026-02-14 21:20:00
PAE,PAE.DE,2026-02-14 21:20:00
PC6.SS,PC6.DU,2026-02-14 21:20:00
PCE1,PCE1.DE,2026-02-14 21:20:00
PCX,PCX.AX,2026-02-14 21:20:00
PDL,PDL.L,2026-02-14 21:20:00
PE1,PE1.AX,2026-02-14 21:20:00
PET.IR,PET,2026-02-14 21:20:00
PFC.L,PFC.BO,2026-02-14 21:20:00
PGV,PGV.DU,2026-02-14 21:20:00
PHM7,PHM7.DE,2026-02-14 21:20:00
PJXC.SA,PJXC.DE,2026-02-14 21:20:00
PKY1.WA,PKY1.DU,2026-02-14 21:20:00
PLL,PLL.DU,2026-02-14 21:20:00
PLR.AX,PLR.DU,2026-02-14 21:20:00
PLSR.TO,PLSR.L,2026-02-14 21:20:00
PLUN,PLUN.DE,2026-02-14 21:20:00
PLX.AS,PLX,2026-02-14 21:20:00
PND.OL,PND.DU,2026-02-14 21:20:00
PNP,PNP.DE,2026-02-14 21:20:00
POH1.L,POH1.DE,2026-02-14 21:20:00
PQIA,PQIA.DU,2026-02-14 21:20:00
PR4.OL,PR4.DU,2026-02-14 21:20:00
PRD,PRD.L,2026-02-14 21:20:00
PRO.MC,PRO.AX,2026-02-14 21:20:00
PRP.MI,PRP.DU,2026-02-14 21:20:00
PTAL.TO,PTAL.L,2026-02-14 21:20:00
PTX,PTX.AX,2026-02-14 21:20:00
PU7,PU7.DU,2026-02-14 21:20:00
PW2,PW2.DU,2026-02-14 21:20:00
PYX.AX,PYX.L,2026-02-14 21:20:00
PZX.SS,PZX.DU,2026-02-14 21:20:00
QAA,QAA.DU,2026-02-14 21:20:00
QCI,QCI.DE,2026-02-14 21:20:00
QDI,QDI.DU,2026-02-14 21:20:00
QEN,QEN.DU,2026-02-14 21:20:00
QH9,QH9.DE,2026-02-14 21:20:00
QHE.AX,QHE.L,2026-02-14 21:20:00
QIA.AS,QIA.DE,2026-02-14 21:20:00
R66,R66.DE,2026-02-14 21:20:00
RC8,RC8.DU,2026-02-14 21:20:00
REDC,REDC.L,2026-02-14 21:20:00
REN.L,REN.AS,2026-02-14 21:20:00
RENE.L,RENE,2026-02-14 21:20:00
RFG.IR,RFG,2026-02-14 21:20:00
RG3,RG3.DU,2026-02-14 21:20:00
RGL,RGL.AX,2026-02-14 21:20:00
RGO,RGO.DE,2026-02-14 21:20:00
RHIM.AS,RHIM.BO,2026-02-14 21:20:00
RIGD,RIGD.L,2026-02-14 21:20:00
RIO1.L,RIO1.DE,2026-02-14 21:20:00
RLS,RLS.DU,2026-02-14 21:20:00
RMB,RMB.DU,2026-02-14 21:20:00
RME,RME.DU,2026-02-14 21:20:00
ROSE,ROSE.L,2026-02-14 21:20:00
RPHA.JO,RPHA.DU,2026-02-14 21:20:00
RPL.HE,RPL.AX,2026-02-14 21:20:00
RPU,RPU.DU,2026-02-14 21:20:00
RRTL,RRTL.DE,2026-02-14 21:20:00
RRU.L,RRU.DE,2026-02-14 21:20:00
RRZ.AX,RRZ.DU,2026-02-14 21:20:00
RS1,RS1.DE,2026-02-14 21:20:00
RSO,RSO.DE,2026-02-14 21:20:00
RUBY,RUBY.TO,2026-02-14 21:20:00
RV7,RV7.DU,2026-02-14 21:20:00
RY6,RY6.DU,2026-02-14 21:20:00
RYC.TO,RYC.DU,2026-02-14 21:20:00
RZ2,RZ2.DU,2026-02-14 21:20:00
S6IA,S6IA.DU,2026-02-14 21:20:00
SAOA.JO,SAOA.DU,2026-02-14 21:20:00
SATX,SATX.VI,2026-02-14 21:20:00
SAYN,SAYN.DU,2026-02-14 21:20:00
SCA.ST,SCA.DU,2026-02-14 21:20:00
SDRY.L,SDRY.MX,2026-02-14 21:20:00
SDV1.ST,SDV1.DU,2026-02-14 21:20:00
SEE.AX,SEE,2026-02-14 21:20:00
SEH.T,SEH.DU,2026-02-14 21:20:00
SEI.TO,SEI,2026-02-14 21:20:00
SEPL,SEPL.L,2026-02-14 21:20:00
SESG,SESG.MX,2026-02-14 21:20:00
SFE,SFE.DE,2026-02-14 21:20:00
SFT.T,SFT.DU,2026-02-14 21:20:00
SGJH.SS,SGJH.DU,2026-02-14 21:20:00
SHELL.L,SHELL.AS,2026-02-14 21:20:00
SHM.T,SHM,2026-02-14 21:20:00
SHZH.SS,SHZH.DU,2026-02-14 21:20:00
SJ3,SJ3.DE,2026-02-14 21:20:00
SKWC.ST,SKWC.DU,2026-02-14 21:20:00
SM3.TO,SM3.DU,2026-02-14 21:20:00
SMP0.HE,SMP0.DE,2026-02-14 21:20:00
SMSD,SMSD.L,2026-02-14 21:20:00
SMSN,SMSN.L,2026-02-14 21:20:00
SND.L,SND,2026-02-14 21:20:00
SNG.L,SNG.AX,2026-02-14 21:20:00
SOBA,SOBA.DE,2026-02-14 21:20:00
SOM,SOM.AX,2026-02-14 21:20:00
SON1.T,SON1.DU,2026-02-14 21:20:00
SOT,SOT.DE,2026-02-14 21:20:00
SPEX.SW,SPEX.L,2026-02-14 21:20:00
SPSY,SPSY.L,2026-02-14 21:20:00
SPT.L,SPT,2026-02-14 21:20:00
SQ3,SQ3.DE,2026-02-14 21:20:00
SRB,SRB.DE,2026-02-14 21:20:00
SSL.TO,SSL,2026-02-14 21:20:00
STAF,STAF.L,2026-02-14 21:20:00
STCM,STCM.L,2026-02-14 21:20:00
STLAP.AS,STLAP.PA,2026-02-14 21:20:00
STMPA.AS,STMPA.PA,2026-02-14 21:20:00
SUMA.T,SUMA.DU,2026-02-14 21:20:00
SUSE,SUSE.L,2026-02-14 21:20:00
SVHH.ST,SVHH.DU,2026-02-14 21:20:00
SVKB.ST,SVKB.DU,2026-02-14 21:20:00
SVML.AX,SVML.L,2026-02-14 21:20:00
SWEF,SWEF.L,2026-02-14 21:20:00
SWF,SWF.DU,2026-02-14 21:20:00
SWG,SWG.DE,2026-02-14 21:20:00
SWN,SWN.DE,2026-02-14 21:20:00
SWR.IR,SWR.L,2026-02-14 21:20:00
SYN.AX,SYN.L,2026-02-14 21:20:00
SYP,SYP.DE,2026-02-14 21:20:00
SYV,SYV.DU,2026-02-14 21:20:00
T0J2.AS,T0J2.DU,2026-02-14 21:20:00
TAR,TAR.AX,2026-02-14 21:20:00
TCAP,TCAP.AX,2026-02-14 21:20:00
TCO0.L,TCO0.DE,2026-02-14 21:20:00
TCON,TCON.TO,2026-02-14 21:20:00
TCS,TCS.BO,2026-02-14 21:20:00
TD9,TD9.DU,2026-02-14 21:20:00
TE.AS,TE,2026-02-14 21:20:00
TEKB.TO,TEKB.DU,2026-02-14 21:20:00
TEQ.OL,TEQ.DU,2026-02-14 21:20:00
TEY,TEY.DE,2026-02-14 21:20:00
TGHN,TGHN.DE,2026-02-14 21:20:00
TGR,TGR.DE,2026-02-14 21:20:00
THEON,THEON.AS,2026-02-14 21:20:00
THX.TO,THX.L,2026-02-14 21:20:00
TKE,TKE.DE,2026-02-14 21:20:00
TL0,TL0.DE,2026-02-14 21:20:00
TLS.ST,TLS,2026-02-14 21:20:00
TM5,TM5.DE,2026-02-14 21:20:00
TMRA.OL,TMRA.DU,2026-02-14 21:20:00
TOM.T,TOM.DU,2026-02-14 21:20:00
TR1,TR1.DE,2026-02-14 21:20:00
TR1.MC,TR1.DE,2026-02-14 21:20:00
TR4,TR4.DE,2026-02-14 21:20:00
TRIG,TRIG.L,2026-02-14 21:20:00
TRS.TO,TRS,2026-02-14 21:20:00
TRVC,TRVC.DE,2026-02-14 21:20:00
TRX.L,TRX,2026-02-14 21:20:00
TSFA,TSFA.DU,2026-02-14 21:20:00
TSI.SS,TSI,2026-02-14 21:20:00
TT8,TT8.DE,2026-02-14 21:20:00
TTM,TTM.AX,2026-02-14 21:20:00
TW10,TW10.DE,2026-02-14 21:20:00
TWH,TWH.DU,2026-02-14 21:20:00
TYP,TYP.DU,2026-02-14 21:20:00
TZ1.TO,TZ1.DU,2026-02-14 21:20:00
U6Z,U6Z.DE,2026-02-14 21:20:00
U9R,U9R.DU,2026-02-14 21:20:00
U9UA.TO,U9UA.DU,2026-02-14 21:20:00
UAO,UAO.DU,2026-02-14 21:20:00
UB5,UB5.DE,2026-02-14 21:20:00
UI51.TO,UI51.DU,2026-02-14 21:20:00
UNA.L,UNA.AS,2026-02-14 21:20:00
UOF,UOF.DU,2026-02-14 21:20:00
UPAB,UPAB.AS,2026-02-14 21:20:00
UR3,UR3.DE,2026-02-14 21:20:00
US3,US3.DU,2026-02-14 21:20:00
UT8,UT8.DE,2026-02-14 21:20:00
UU2,UU2.DE,2026-02-14 21:20:00
UWS,UWS.DE,2026-02-14 21:20:00
UZQ.AX,UZQ.DU,2026-02-14 21:20:00
V07.OL,V07.DU,2026-02-14 21:20:00
V1L,V1L.DE,2026-02-14 21:20:00
V4OC.HE,V4OC.DU,2026-02-14 21:20:00
V71,V71.DU,2026-02-14 21:20:00
VALT.JO,VALT.L,2026-02-14 21:20:00
VEE,VEE.AX,2026-02-14 21:20:00
VFP,VFP.DU,2026-02-14 21:20:00
VMD.TO,VMD,2026-02-14 21:20:00
VNX.AS,VNX.DE,2026-02-14 21:20:00
VODI.L,VODI.DE,2026-02-14 21:20:00
VOL1.ST,VOL1.DU,2026-02-14 21:20:00
VRS,VRS.AX,2026-02-14 21:20:00
VWSB.CO,VWSB.DE,2026-02-14 21:20:00
VX1,VX1.DE,2026-02-14 21:20:00
W1X,W1X.DU,2026-02-14 21:20:00
W3U,W3U.DE,2026-02-14 21:20:00
W8V.SS,W8V.DU,2026-02-14 21:20:00
WA3,WA3.DU,2026-02-14 21:20:00
WAZ,WAZ.DU,2026-02-14 21:20:00
WB2,WB2.DE,2026-02-14 21:20:00
WDI.DE,WDI,2026-02-14 21:20:00
WDP,WDP.BR,2026-02-14 21:20:00
WF5A,WF5A.DU,2026-02-14 21:20:00
WI4.SS,WI4.DU,2026-02-14 21:20:00
WIZZ,WIZZ.L,2026-02-14 21:20:00
WKS,WKS.L,2026-02-14 21:20:00
WNL.OL,WNL.DU,2026-02-14 21:20:00
WOP0.AX,WOP0.DU,2026-02-14 21:20:00
WSBN,WSBN.L,2026-02-14 21:20:00
X2S.SS,X2S.DU,2026-02-14 21:20:00
XBBAR,XBBAR.MC,2026-02-14 21:20:00
XBBDC.SA,XBBDC.MC,2026-02-14 21:20:00
XCOPO.SA,XCOPO.MC,2026-02-14 21:20:00
XEB.T,XEB.DU,2026-02-14 21:20:00
XEKT.MX,XEKT.MC,2026-02-14 21:20:00
XFAB.BR,XFAB.PA,2026-02-14 21:20:00
XGR2.L,XGR2.DE,2026-02-14 21:20:00
XIN,XIN.DU,2026-02-14 21:20:00
XLM,XLM.L,2026-02-14 21:20:00
XONA,XONA.DE,2026-02-14 21:20:00
XPP.SI,XPP,2026-02-14 21:20:00
XS4,XS4.DE,2026-02-14 21:20:00
XUSIO.SA,XUSIO.MC,2026-02-14 21:20:00
XVALO.SA,XVALO.MC,2026-02-14 21:20:00
XXA1,XXA1.DU,2026-02-14 21:20:00
XY6,XY6.DE,2026-02-14 21:20:00
Y5C,Y5C.DU,2026-02-14 21:20:00
Y8O.AS,Y8O.DU,2026-02-14 21:20:00
YCA,YCA.L,2026-02-14 21:20:00
YCP,YCP.DE,2026-02-14 21:20:00
YRRA.AX,YRRA.DU,2026-02-14 21:20:00
YUE1,YUE1.DU,2026-02-14 21:20:00
ZGY,ZGY.DE,2026-02-14 21:20:00
ZNHH.SS,ZNHH.DU,2026-02-14 21:20:00
