ticker,name,merged_score,tr_trend,tr_struct,tr_stability,tr_blowoff,tr_value,tr_final_score,merged_trend,merged_struct,merged_stability,merged_blowoff,merged_value,merged_final_score
VSAT,VSAT,72.059640625,6.0,0.0,5.591799999999999,0.0,-5.0,77.1461875,6.0,0.0,5.591799999999999,0.0,-5.0,72.059640625
XNET,XNET,70.34081692893105,5.2900897887352,0.0,6.2236,0.0,-5.0,75.87108923857474,5.2900897887352,0.0,6.2236,0.0,-5.0,70.34081692893105
EFR.TO,EFR.TO,69.60864020772696,5.134596740617541,0.0,5.905,0.0,-5.0,73.67485361030262,5.134596740617541,0.0,5.905,0.0,-5.0,69.60864020772696
APLD,APLD,69.61532812499999,6.0,0.0,4.6774000000000004,0.0,-5.0,72.3204375,6.0,0.0,4.6774000000000004,0.0,-5.0,69.61532812499999
COMM,COMM,64.50502392979743,5.839027084149322,0.0,5.5752,0.0,-5.0,72.16336523972991,5.839027084149322,0.0,5.5752,0.0,-5.0,64.50502392979743
LASR,LASR,66.17911313549506,4.861648383084711,0.0,6.1736,0.0,-5.0,71.69881751399342,4.861648383084711,0.0,6.1736,0.0,-5.0,66.17911313549506
TLS,TLS,64.838921875,6.0,0.0,5.2074,0.0,-5.0,71.5785625,6.0,0.0,5.2074,0.0,-5.0,64.838921875
RCG.TO,RCG.TO,65.77843300363992,4.315329245183983,0.0,6.5434,0.0,-5.0,70.80791067151989,4.315329245183983,0.0,6.5434,0.0,-5.0,65.77843300363992
W,W,71.20830001592095,4.56491809847283,0.0,5.4468,0.0,-5.0,70.73440002122794,4.56491809847283,0.0,5.4468,0.0,-5.0,71.20830001592095
SFTBY,SFTBY,63.09445834569304,5.691347092458269,0.0,5.2834,0.0,-5.0,69.70927779425739,5.691347092458269,0.0,5.2834,0.0,-5.0,63.09445834569304
AEHR,AEHR,60.039640625000004,5.314285714285715,0.0,5.9998000000000005,0.0,-5.0,69.23618750000001,5.314285714285715,0.0,5.9998000000000005,0.0,-5.0,60.039640625000004
TREE,TREE,64.26331205888567,4.354295148472007,0.0,6.2046,0.0,-5.0,68.81774941184756,4.354295148472007,0.0,6.2046,0.0,-5.0,64.26331205888567
LPTH,LPTH,58.3636789189962,5.5051061930658935,0.0,5.8978,0.0,-5.0,68.61157189199493,5.5051061930658935,0.0,5.8978,0.0,-5.0,58.3636789189962
ABVX,ABVX,59.063593749999995,6.0,0.0,5.234,0.0,-5.0,68.378125,6.0,0.0,5.234,0.0,-5.0,59.063593749999995
AGFY,AGFY,62.35694837480075,4.846926019007137,0.0,5.8722,0.0,-5.0,68.32926449973434,4.846926019007137,0.0,5.8722,0.0,-5.0,62.35694837480075
FTCI,FTCI,65.14299282080847,4.4806906048626765,0.0,5.7796,0.0,-5.0,68.20065709441131,4.4806906048626765,0.0,5.7796,0.0,-5.0,65.14299282080847
LIF,LIF,68.20217279394302,4.628082726388422,0.0,4.9702,0.0,-5.0,67.46623039192403,4.628082726388422,0.0,4.9702,0.0,-5.0,68.20217279394302
VSTM,VSTM,63.550151865084025,4.530176886874216,0.0,5.6616,0.0,-5.0,67.03353582011204,4.530176886874216,0.0,5.6616,0.0,-5.0,63.550151865084025
CELC,CELC,60.00990625,6.0,0.0,4.7196,0.0,-5.0,66.989875,6.0,0.0,4.7196,0.0,-5.0,60.00990625
JMIA,JMIA,60.149906249999994,6.0,0.0,4.4956,0.0,-5.0,66.22987499999999,6.0,0.0,4.4956,0.0,-5.0,60.149906249999994
CHCI,CHCI,61.769857972591154,3.8897330483994725,0.0,6.199,0.0,-5.0,65.62981063012154,3.8897330483994725,0.0,6.199,0.0,-5.0,61.769857972591154
MFH,MFH,61.28360552407931,4.004694455685957,0.0,6.0768,0.0,-5.0,65.32480736543909,4.004694455685957,0.0,6.0768,0.0,-5.0,61.28360552407931
ELVA.TO,ELVA.TO,56.14219638166095,4.680979582305717,0.0,6.1328,0.0,-5.0,65.13292850888126,4.680979582305717,0.0,6.1328,0.0,-5.0,56.14219638166095
UEC,UEC,61.82299752314452,4.364996322162696,0.0,5.5532,0.0,-5.0,65.0206633641927,4.364996322162696,0.0,5.5532,0.0,-5.0,61.82299752314452
LYSDY,LYSDY,60.425162867486584,3.6569695984734625,0.0,6.275,0.0,-5.0,64.27355048998211,3.6569695984734625,0.0,6.275,0.0,-5.0,60.425162867486584
PSIX,PSIX,59.50880283727567,3.961121846303628,0.0,5.814,0.0,-5.0,63.16173711636756,3.961121846303628,0.0,5.814,0.0,-5.0,59.50880283727567
PPIH,PPIH,59.99199648110344,3.749716745367049,0.0,5.8578,0.0,-5.0,62.80932864147126,3.749716745367049,0.0,5.8578,0.0,-5.0,59.99199648110344
CPS,CPS,53.14103102757233,4.655307891316282,0.0,5.9896,0.0,-5.0,62.78470803676311,4.655307891316282,0.0,5.9896,0.0,-5.0,53.14103102757233
KTOS,KTOS,65.67981711724751,3.513070779377272,0.0,5.1754,0.0,-5.0,62.61308948966335,3.513070779377272,0.0,5.1754,0.0,-5.0,65.67981711724751
RDDT,RDDT,56.36524310987633,4.31498590168916,0.0,5.752999999999999,0.0,-5.0,62.463657479835106,4.31498590168916,0.0,5.752999999999999,0.0,-5.0,56.36524310987633
ACFN,ACFN,58.840047269154034,3.644625476907485,0.0,5.9084,0.0,-5.0,61.94672969220537,3.644625476907485,0.0,5.9084,0.0,-5.0,58.840047269154034
TEM,TEM,58.333140071530295,3.886101474850599,0.0,5.7265999999999995,0.0,-5.0,61.880853428707056,3.886101474850599,0.0,5.7265999999999995,0.0,-5.0,58.333140071530295
METC,METC,56.98671319121852,3.607163949961859,0.0,5.8102,0.0,-5.0,60.37895092162469,3.607163949961859,0.0,5.8102,0.0,-5.0,56.98671319121852
RUN,RUN,52.45539195743609,3.919914556431462,0.0,6.1208,0.0,-5.0,60.12718927658146,3.919914556431462,0.0,6.1208,0.0,-5.0,52.45539195743609
ESEA,ESEA,57.01814410642279,3.4172832470192334,0.0,5.7478,0.0,-5.0,59.450858808563716,3.4172832470192334,0.0,5.7478,0.0,-5.0,57.01814410642279
RKT,RKT,60.25981080567996,3.7161742589318023,0.0,4.9262,0.0,-5.0,59.343081074239954,3.7161742589318023,0.0,4.9262,0.0,-5.0,60.25981080567996
FGEN,FGEN,51.59012575068269,3.448558882678384,0.0,6.500800000000001,0.0,-5.0,59.29016766757691,3.448558882678384,0.0,6.500800000000001,0.0,-5.0,51.59012575068269
BWAY,BWAY,55.67125068808922,2.6971842667863815,0.0,6.5898,0.0,-5.0,59.13833425078563,2.6971842667863815,0.0,6.5898,0.0,-5.0,55.67125068808922
DSBX,DSBX,55.23919074076377,2.6180451028853398,0.0,6.6575999999999995,0.0,-5.0,58.84892098768503,2.6180451028853398,0.0,6.6575999999999995,0.0,-5.0,55.23919074076377
COOP,COOP,52.70366296537857,3.9580680310610448,0.0,5.6762,0.0,-5.0,58.7448839538381,3.9580680310610448,0.0,5.6762,0.0,-5.0,52.70366296537857
INFU,INFU,54.92668436705563,3.3218628555287637,0.0,5.9374,0.0,-5.0,58.60891248940751,3.3218628555287637,0.0,5.9374,0.0,-5.0,54.92668436705563
AMPX,AMPX,56.3315758730225,4.009945574201398,0.0,5.0032,0.0,-5.0,58.48876783069667,4.009945574201398,0.0,5.0032,0.0,-5.0,56.3315758730225
MIRM,MIRM,54.448981545762955,3.152694663266127,0.0,6.1064,0.0,-5.0,58.335308727683945,3.152694663266127,0.0,6.1064,0.0,-5.0,54.448981545762955
SSL,SSL,54.51066118944418,3.2026041781727845,0.0,6.0308,0.0,-5.0,58.2742149192589,3.2026041781727845,0.0,6.0308,0.0,-5.0,54.51066118944418
EYPT,EYPT,55.825809640031814,3.6632756094032906,0.0,5.303999999999999,0.0,-5.0,58.02774618670909,3.6632756094032906,0.0,5.303999999999999,0.0,-5.0,55.825809640031814
VHC,VHC,53.478587968374384,3.1197797777014626,0.0,6.1146,0.0,-5.0,57.688117291165845,3.1197797777014626,0.0,6.1146,0.0,-5.0,53.478587968374384
ALNY,ALNY,53.93944150926133,3.045124624103888,0.0,5.898,0.0,-5.0,56.85925534568177,3.045124624103888,0.0,5.898,0.0,-5.0,53.93944150926133
RIGL,RIGL,53.8268885009069,2.914190044628702,0.0,6.0114,0.0,-5.0,56.72918466787586,2.914190044628702,0.0,6.0114,0.0,-5.0,53.8268885009069
ACQ.TO,ACQ.TO,49.39271655387751,3.4439011411052722,0.0,6.138999999999999,0.0,-5.0,56.66028873850335,3.4439011411052722,0.0,6.138999999999999,0.0,-5.0,49.39271655387751
U,U,51.51613749795087,3.662393015456684,0.0,5.4026,0.0,-5.0,55.931516663934495,3.662393015456684,0.0,5.4026,0.0,-5.0,51.51613749795087
BELFB,BELFB,52.86525896807698,2.813211345895004,0.0,5.973,0.0,-5.0,55.65701195743597,2.813211345895004,0.0,5.973,0.0,-5.0,52.86525896807698
XOMA,XOMA,48.65124003557831,3.3712297215143248,0.0,6.006800000000001,0.0,-5.0,55.46832004743776,3.3712297215143248,0.0,6.006800000000001,0.0,-5.0,48.65124003557831
AMRC,AMRC,50.46374263852864,4.0572842186216915,0.0,4.689,0.0,-5.0,54.13499018470486,4.0572842186216915,0.0,4.689,0.0,-5.0,50.46374263852864
RHLD,RHLD,50.651343749999995,3.6,0.0,5.0884,0.0,-5.0,54.025124999999996,3.6,0.0,5.0884,0.0,-5.0,50.651343749999995
PBT,PBT,49.300254978511674,2.835559741665863,0.0,5.981,0.0,-5.0,53.73367330468223,2.835559741665863,0.0,5.981,0.0,-5.0,49.300254978511674
CLS.TO,CLS.TO,48.474313231617025,3.8141937994396473,0.0,5.127000000000001,0.0,-5.0,53.7290843088227,3.8141937994396473,0.0,5.127000000000001,0.0,-5.0,48.474313231617025
SHLS,SHLS,51.43984708722567,2.6320482970871195,0.0,5.773,0.0,-5.0,53.413129449634226,2.6320482970871195,0.0,5.773,0.0,-5.0,51.43984708722567
LEU,LEU,50.328917282877526,2.6146689082671797,0.0,5.922000000000001,0.0,-5.0,53.27188971050337,2.6146689082671797,0.0,5.922000000000001,0.0,-5.0,50.328917282877526
NIO,NIO,52.56148741391375,2.6266704586999357,0.0,5.5396,0.0,-5.0,53.15864988521833,2.6266704586999357,0.0,5.5396,0.0,-5.0,52.56148741391375
FIX,FIX,51.5629322089552,2.860211623406771,0.0,5.445399999999999,0.0,-5.0,53.11057627860693,2.860211623406771,0.0,5.445399999999999,0.0,-5.0,51.5629322089552
MDGL,MDGL,49.657134578562584,2.4519575016762087,0.0,6.006,0.0,-5.0,52.592846104750116,2.4519575016762087,0.0,6.006,0.0,-5.0,49.657134578562584
AMSC,AMSC,51.7997240138216,3.9626772599510556,0.0,4.154599999999999,0.0,-5.0,52.539632018428804,3.9626772599510556,0.0,4.154599999999999,0.0,-5.0,51.7997240138216
ERD.TO,ERD.TO,44.78460454978816,2.6807609244014063,0.0,6.501,0.0,-5.0,52.52280606638422,2.6807609244014063,0.0,6.501,0.0,-5.0,44.78460454978816
METCB,METCB,50.04866426233229,2.2849508342516396,0.0,6.041,0.0,-5.0,52.32155234977638,2.2849508342516396,0.0,6.041,0.0,-5.0,50.04866426233229
HOOD,HOOD,50.15984323773276,3.0717173562377664,0.0,5.1906,0.0,-5.0,52.14645765031034,3.0717173562377664,0.0,5.1906,0.0,-5.0,50.15984323773276
IRTC,IRTC,49.37632110809987,2.533681114026641,0.0,5.829,0.0,-5.0,52.07509481079983,2.533681114026641,0.0,5.829,0.0,-5.0,49.37632110809987
MGRM,MGRM,49.12774061132319,2.9191314257926484,0.0,5.4446,0.0,-5.0,51.93698748176426,2.9191314257926484,0.0,5.4446,0.0,-5.0,49.12774061132319
TPCS,TPCS,48.36710892346078,2.4144348288936204,0.0,6.0072,0.0,-5.0,51.71947856461438,2.4144348288936204,0.0,6.0072,0.0,-5.0,48.36710892346078
DOO.TO,DOO.TO,48.91131265057881,2.431714316308075,0.0,5.8755999999999995,0.0,-5.0,51.60175020077174,2.431714316308075,0.0,5.8755999999999995,0.0,-5.0,48.91131265057881
PAHC,PAHC,46.34838367357144,2.851858905106579,0.0,5.8094,0.0,-5.0,51.46451156476192,2.851858905106579,0.0,5.8094,0.0,-5.0,46.34838367357144
HLIO,HLIO,50.14543859607978,2.330168476663827,0.0,5.731,0.0,-5.0,51.383918128106366,2.330168476663827,0.0,5.731,0.0,-5.0,50.14543859607978
KSS,KSS,46.942712504383614,2.9154336516842907,0.0,5.6328,0.0,-5.0,51.380283339178156,2.9154336516842907,0.0,5.6328,0.0,-5.0,46.942712504383614
NCSM,NCSM,44.32911236068786,3.88423870185404,0.0,5.0432,0.0,-5.0,51.308816480917145,3.88423870185404,0.0,5.0432,0.0,-5.0,44.32911236068786
NGEX.TO,NGEX.TO,48.062665230597865,2.3472684912960746,0.0,5.9974,0.0,-5.0,51.25688697413049,2.3472684912960746,0.0,5.9974,0.0,-5.0,48.062665230597865
CYGIY,CYGIY,46.401009176781756,1.5955066263937554,0.0,7.0,0.0,-5.0,51.24801223570901,1.5955066263937554,0.0,7.0,0.0,-5.0,46.401009176781756
NUS,NUS,49.236465130928906,2.715954820252223,0.0,5.3872,0.0,-5.0,51.02195350790521,2.715954820252223,0.0,5.3872,0.0,-5.0,49.236465130928906
PHAT,PHAT,46.11250571911039,2.9650011619779826,0.0,5.611000000000001,0.0,-5.0,51.01000762548051,2.9650011619779826,0.0,5.611000000000001,0.0,-5.0,46.11250571911039
VNP.TO,VNP.TO,49.87018974385622,2.434422678116821,0.0,5.436599999999999,0.0,-5.0,50.51358632514163,2.434422678116821,0.0,5.436599999999999,0.0,-5.0,49.87018974385622
MOD,MOD,49.050904019959106,2.903897959610739,0.0,5.078,0.0,-5.0,50.46120535994548,2.903897959610739,0.0,5.078,0.0,-5.0,49.050904019959106
MDRR,MDRR,43.894992633363806,1.884036598524712,0.0,6.8831999999999995,0.0,-5.0,50.45999017781841,1.884036598524712,0.0,6.8831999999999995,0.0,-5.0,43.894992633363806
ZBIO,ZBIO,49.214023516453096,5.33897303191428,0.0,2.6014,0.0,-5.0,50.39869802193746,5.33897303191428,0.0,2.6014,0.0,-5.0,49.214023516453096
ESAIY,ESAIY,46.40310792289023,1.9691997049681735,0.0,6.3974,0.0,-5.0,50.39081056385364,1.9691997049681735,0.0,6.3974,0.0,-5.0,46.40310792289023
TDUP,TDUP,47.299033372984525,2.352984558320666,0.0,5.8712,0.0,-5.0,50.36871116397936,2.352984558320666,0.0,5.8712,0.0,-5.0,47.299033372984525
PXLW,PXLW,48.269126923779666,2.938371819434598,0.0,5.1238,0.0,-5.0,50.31550256503955,2.938371819434598,0.0,5.1238,0.0,-5.0,48.269126923779666
DQ,DQ,48.14651891435325,2.1231720968844696,0.0,5.9132,0.0,-5.0,50.14869188580434,2.1231720968844696,0.0,5.9132,0.0,-5.0,48.14651891435325
FUTU,FUTU,48.0071964225683,1.8303986382360986,0.0,6.167000000000001,0.0,-5.0,49.9229285634244,1.8303986382360986,0.0,6.167000000000001,0.0,-5.0,48.0071964225683
ETH,ETH,49.492527554916684,2.510113534967199,0.0,5.2584,0.0,-5.0,49.91337007322225,2.510113534967199,0.0,5.2584,0.0,-5.0,49.492527554916684
POWL,POWL,48.18665608384272,2.256749172590269,0.0,5.666,0.0,-5.0,49.745541445123635,2.256749172590269,0.0,5.666,0.0,-5.0,48.18665608384272
CMPS,CMPS,43.24979877475005,2.3693718145523883,0.0,6.225,0.0,-5.0,49.44306503300005,2.3693718145523883,0.0,6.225,0.0,-5.0,43.24979877475005
LQDA,LQDA,48.64583133374321,2.6716419217764003,0.0,5.0804,0.0,-5.0,49.36777511165762,2.6716419217764003,0.0,5.0804,0.0,-5.0,48.64583133374321
CDTX,CDTX,43.15812092242194,3.1710118699523946,0.0,5.3834,0.0,-5.0,49.24082789656259,3.1710118699523946,0.0,5.3834,0.0,-5.0,43.15812092242194
SCS,SCS,48.21500703437579,2.866331587936668,0.0,4.916399999999999,0.0,-5.0,49.23667604583438,2.866331587936668,0.0,4.916399999999999,0.0,-5.0,48.21500703437579
HSAI,HSAI,42.85539093919855,2.8811048257419283,0.0,5.691800000000001,0.0,-5.0,49.1371879189314,2.8811048257419283,0.0,5.691800000000001,0.0,-5.0,42.85539093919855
OTLY,OTLY,45.56093674035232,2.1122696869287263,0.0,6.021,0.0,-5.0,49.03458232046977,2.1122696869287263,0.0,6.021,0.0,-5.0,45.56093674035232
III.TO,III.TO,45.93922093873248,2.7174385399329504,0.0,5.347799999999999,0.0,-5.0,48.99562791830998,2.7174385399329504,0.0,5.347799999999999,0.0,-5.0,45.93922093873248
WWW,WWW,49.497684699550156,2.5447391135593964,0.0,4.9706,0.0,-5.0,48.96691293273354,2.5447391135593964,0.0,4.9706,0.0,-5.0,49.497684699550156
PRYMY,PRYMY,46.056785784104775,2.384680286294305,0.0,5.587999999999999,0.0,-5.0,48.71571437880637,2.384680286294305,0.0,5.587999999999999,0.0,-5.0,46.056785784104775
DOMO,DOMO,45.84435404582518,2.8112528855009886,0.0,5.1476,0.0,-5.0,48.542472061100234,2.8112528855009886,0.0,5.1476,0.0,-5.0,45.84435404582518
GILT.TA,GILT.TA,43.40875418740959,1.6745341841086165,0.0,6.6508,0.0,-5.0,48.52500558321279,1.6745341841086165,0.0,6.6508,0.0,-5.0,43.40875418740959
YSG,YSG,43.74943403602697,2.2379738993832587,0.0,5.9228,0.0,-5.0,48.10257871470263,2.2379738993832587,0.0,5.9228,0.0,-5.0,43.74943403602697
SITM,SITM,45.502761580620955,2.3674055274912416,0.0,5.509600000000001,0.0,-5.0,48.040348774161274,2.3674055274912416,0.0,5.509600000000001,0.0,-5.0,45.502761580620955
AMBA,AMBA,46.01879065183406,1.6577606403726348,0.0,6.1392,0.0,-5.0,48.035054202445416,1.6577606403726348,0.0,6.1392,0.0,-5.0,46.01879065183406
ENLT.TA,ENLT.TA,41.6285528005246,1.71010914042405,0.0,6.624199999999999,0.0,-5.0,47.54140373403281,1.71010914042405,0.0,6.624199999999999,0.0,-5.0,41.6285528005246
BNCDY,BNCDY,41.21901673019384,1.8136795896266842,0.0,6.5592,0.0,-5.0,47.45202230692512,1.8136795896266842,0.0,6.5592,0.0,-5.0,41.21901673019384
HUHU,HUHU,40.6269956513879,2.3338848307581763,0.0,6.1036,0.0,-5.0,47.355994201850535,2.3338848307581763,0.0,6.1036,0.0,-5.0,40.6269956513879
ASM.TO,ASM.TO,46.30290294914957,3.762685043636739,0.0,3.772,0.0,-5.0,47.213870598866094,3.762685043636739,0.0,3.772,0.0,-5.0,46.30290294914957
NMRK,NMRK,47.11048647486348,3.1707432837817873,0.0,4.2338,0.0,-5.0,47.187315299817975,3.1707432837817873,0.0,4.2338,0.0,-5.0,47.11048647486348
KOD,KOD,43.27147058410736,2.1595083091519727,0.0,5.8126,0.0,-5.0,47.121960778809814,2.1595083091519727,0.0,5.8126,0.0,-5.0,43.27147058410736
SUPN,SUPN,45.07343971471978,1.9693115610859233,0.0,5.7138,0.0,-5.0,47.06791961962637,1.9693115610859233,0.0,5.7138,0.0,-5.0,45.07343971471978
DDS,DDS,45.46643617016829,2.0862473488595907,0.0,5.4536,0.0,-5.0,46.75524822689106,2.0862473488595907,0.0,5.4536,0.0,-5.0,45.46643617016829
UPB,UPB,42.438416544213254,2.080408440729042,0.0,5.91,0.0,-5.0,46.71455539228434,2.080408440729042,0.0,5.91,0.0,-5.0,42.438416544213254
STRL,STRL,43.02861770906691,2.7584778837469264,0.0,5.1074,0.0,-5.0,46.58482361208921,2.7584778837469264,0.0,5.1074,0.0,-5.0,43.02861770906691
NTOIY,NTOIY,46.980719411711895,2.868311245554164,0.0,4.3792,0.0,-5.0,46.5242925489492,2.868311245554164,0.0,4.3792,0.0,-5.0,46.980719411711895
YOU,YOU,45.29169777171969,2.286789388539873,0.0,5.1739999999999995,0.0,-5.0,46.35893036229292,2.286789388539873,0.0,5.1739999999999995,0.0,-5.0,45.29169777171969
TPB,TPB,44.13224397355823,2.5010178231991316,0.0,5.1002,0.0,-5.0,46.22299196474431,2.5010178231991316,0.0,5.1002,0.0,-5.0,44.13224397355823
LGCY,LGCY,43.42212432696856,2.0065617680190075,0.0,5.6726,0.0,-5.0,46.10949910262474,2.0065617680190075,0.0,5.6726,0.0,-5.0,43.42212432696856
BLBD,BLBD,43.70485648920612,2.20089465177521,0.0,5.4326,0.0,-5.0,46.099808652274824,2.20089465177521,0.0,5.4326,0.0,-5.0,43.70485648920612
TLNE,TLNE,44.255662677746855,1.2777378138914242,0.0,6.265,0.0,-5.0,46.074216903662474,1.2777378138914242,0.0,6.265,0.0,-5.0,44.255662677746855
GPRE,GPRE,42.77961302657778,1.788597567304691,0.0,5.9698,0.0,-5.0,46.039484035437034,1.788597567304691,0.0,5.9698,0.0,-5.0,42.77961302657778
DK,DK,45.33506557802736,2.430067292043655,0.0,4.9222,0.0,-5.0,45.97675410403648,2.430067292043655,0.0,4.9222,0.0,-5.0,45.33506557802736
TSEM.TA,TSEM.TA,41.25389355948832,1.5681656755785798,0.0,6.3958,0.0,-5.0,45.938524745984424,1.5681656755785798,0.0,6.3958,0.0,-5.0,41.25389355948832
DHI,DHI,43.786773535381904,1.850160337347433,0.0,5.6941999999999995,0.0,-5.0,45.812364713842534,1.850160337347433,0.0,5.6941999999999995,0.0,-5.0,43.786773535381904
GFI,GFI,40.79236594388372,3.152239429868441,0.0,4.8344,0.0,-5.0,45.759821258511636,3.152239429868441,0.0,4.8344,0.0,-5.0,40.79236594388372
RILY,RILY,43.99026626712,2.5150826701450146,0.0,4.9764,0.0,-5.0,45.730355022826664,2.5150826701450146,0.0,4.9764,0.0,-5.0,43.99026626712
LUG.TO,LUG.TO,42.30369515533657,3.2129698093382237,0.0,4.5314,0.0,-5.0,45.71492687378209,3.2129698093382237,0.0,4.5314,0.0,-5.0,42.30369515533657
XGN,XGN,43.31597399239969,1.8382169381383497,0.0,5.7296000000000005,0.0,-5.0,45.63129865653292,1.8382169381383497,0.0,5.7296000000000005,0.0,-5.0,43.31597399239969
HDSN,HDSN,41.068139929972126,1.95666970005783,0.0,5.917999999999999,0.0,-5.0,45.497519906629506,1.95666970005783,0.0,5.917999999999999,0.0,-5.0,41.068139929972126
VZLA.TO,VZLA.TO,39.51557137247285,2.1017605328198794,0.0,6.006800000000001,0.0,-5.0,45.487428496630464,2.1017605328198794,0.0,6.006800000000001,0.0,-5.0,39.51557137247285
AII.TO,AII.TO,40.94123204356953,1.9423741294871415,0.0,5.899400000000001,0.0,-5.0,45.301642724759375,1.9423741294871415,0.0,5.899400000000001,0.0,-5.0,40.94123204356953
ELF,ELF,43.05654296302224,1.8812626972489652,0.0,5.6374,0.0,-5.0,45.29872395069633,1.8812626972489652,0.0,5.6374,0.0,-5.0,43.05654296302224
STAA,STAA,41.46993134153091,1.8313035106602487,0.0,5.925,0.0,-5.0,45.283241788707876,1.8313035106602487,0.0,5.925,0.0,-5.0,41.46993134153091
COMP,COMP,42.74595439513724,1.7361812104405818,0.0,5.8136,0.0,-5.0,45.23793919351632,1.7361812104405818,0.0,5.8136,0.0,-5.0,42.74595439513724
CX,CX,41.30774267216978,1.9727508921233867,0.0,5.7905999999999995,0.0,-5.0,45.21699022955971,1.9727508921233867,0.0,5.7905999999999995,0.0,-5.0,41.30774267216978
TCEHY,TCEHY,41.566085683374006,1.8961062975744023,0.0,5.8184000000000005,0.0,-5.0,45.18144757783201,1.8961062975744023,0.0,5.8184000000000005,0.0,-5.0,41.566085683374006
RBLX,RBLX,42.97186635894444,1.6356585618172836,0.0,5.8498,0.0,-5.0,45.125821811925924,1.6356585618172836,0.0,5.8498,0.0,-5.0,42.97186635894444
GOOS.TO,GOOS.TO,42.72553873925966,1.5324777121035509,0.0,5.9616,0.0,-5.0,45.01738498567955,1.5324777121035509,0.0,5.9616,0.0,-5.0,42.72553873925966
CNAL.L,CNAL.L,40.695982691895395,0.7937234675596997,0.0,7.0,0.0,-5.0,44.98131025586053,0.7937234675596997,0.0,7.0,0.0,-5.0,40.695982691895395
JAG.TO,JAG.TO,38.667780639118355,3.14595543143992,0.0,4.8988,0.0,-5.0,44.763707518824475,3.14595543143992,0.0,4.8988,0.0,-5.0,38.667780639118355
PI,PI,41.81543589962487,2.46694570659045,0.0,5.0280000000000005,0.0,-5.0,44.500581199499834,2.46694570659045,0.0,5.0280000000000005,0.0,-5.0,41.81543589962487
AFRM,AFRM,42.58714231594797,1.7655812959386368,0.0,5.6106,0.0,-5.0,44.496189754597296,1.7655812959386368,0.0,5.6106,0.0,-5.0,42.58714231594797
PLTR,PLTR,40.75465849822375,2.013800456781969,0.0,5.6114,0.0,-5.0,44.38287799763167,2.013800456781969,0.0,5.6114,0.0,-5.0,40.75465849822375
ROAD,ROAD,41.310951743833414,1.8637140050963104,0.0,5.619400000000001,0.0,-5.0,44.16793565844455,1.8637140050963104,0.0,5.619400000000001,0.0,-5.0,41.310951743833414
RIOT,RIOT,40.34027498570596,2.5823193621751797,0.0,5.0458,0.0,-5.0,44.157033314274614,2.5823193621751797,0.0,5.0458,0.0,-5.0,40.34027498570596
AQST,AQST,40.11907070140558,2.8599540472697056,0.0,4.789,0.0,-5.0,44.10876093520744,2.8599540472697056,0.0,4.789,0.0,-5.0,40.11907070140558
EXTR,EXTR,43.05630843070265,2.051437268460221,0.0,5.1374,0.0,-5.0,44.0617445742702,2.051437268460221,0.0,5.1374,0.0,-5.0,43.05630843070265
CRVS,CRVS,39.11559228833467,2.1384060522330746,0.0,5.6160000000000005,0.0,-5.0,43.93078971777956,2.1384060522330746,0.0,5.6160000000000005,0.0,-5.0,39.11559228833467
CNL.TO,CNL.TO,38.669896569406326,2.8550742236254134,0.0,4.959,0.0,-5.0,43.899862092541774,2.8550742236254134,0.0,4.959,0.0,-5.0,38.669896569406326
LNVGY,LNVGY,38.55163011121794,1.3308454829141199,0.0,6.483199999999999,0.0,-5.0,43.83217348162391,1.3308454829141199,0.0,6.483199999999999,0.0,-5.0,38.55163011121794
BVN,BVN,41.00520015029933,1.736081935298912,0.0,5.6618,0.0,-5.0,43.67360020039911,1.736081935298912,0.0,5.6618,0.0,-5.0,41.00520015029933
BKE,BKE,41.77380254911673,1.8042424226776836,0.0,5.4698,0.0,-5.0,43.6484033988223,1.8042424226776836,0.0,5.4698,0.0,-5.0,41.77380254911673
BDGI.TO,BDGI.TO,39.02584130218551,1.354082042348804,0.0,6.277200000000001,0.0,-5.0,43.41778840291402,1.354082042348804,0.0,6.277200000000001,0.0,-5.0,39.02584130218551
DXR,DXR,40.44193725339964,1.9278856641827828,0.0,5.48,0.0,-5.0,43.389249671199515,1.9278856641827828,0.0,5.48,0.0,-5.0,40.44193725339964
OPRX,OPRX,42.95163807374721,3.209148687999434,0.0,3.7922000000000002,0.0,-5.0,43.29885076499629,3.209148687999434,0.0,3.7922000000000002,0.0,-5.0,42.95163807374721
SSL.TO,SSL.TO,41.516285623726446,1.6227437457729903,0.0,5.5972,0.0,-5.0,43.29838083163526,1.6227437457729903,0.0,5.5972,0.0,-5.0,41.516285623726446
GCT,GCT,43.04214555052408,2.1115819531223528,0.0,4.8566,0.0,-5.0,43.22619406736544,2.1115819531223528,0.0,4.8566,0.0,-5.0,43.04214555052408
ATRO,ATRO,42.31851300071402,2.625402641414911,0.0,4.3922,0.0,-5.0,42.99801733428536,2.625402641414911,0.0,4.3922,0.0,-5.0,42.31851300071402
PINC,PINC,37.50725790337038,1.6677000184625534,0.0,6.0586,0.0,-5.0,42.90634387116051,1.6677000184625534,0.0,6.0586,0.0,-5.0,37.50725790337038
IPO.TO,IPO.TO,37.78495686982887,1.6974769513303083,0.0,5.976800000000001,0.0,-5.0,42.86994249310516,1.6974769513303083,0.0,5.976800000000001,0.0,-5.0,37.78495686982887
WYNN,WYNN,39.28281953754047,1.2772046044526666,0.0,6.1574,0.0,-5.0,42.82709271672063,1.2772046044526666,0.0,6.1574,0.0,-5.0,39.28281953754047
LC,LC,40.50807119469321,1.5357001792392542,0.0,5.7034,0.0,-5.0,42.79409492625761,1.5357001792392542,0.0,5.7034,0.0,-5.0,40.50807119469321
TFPM.TO,TFPM.TO,39.91927808395688,1.218494594835685,0.0,6.0912,0.0,-5.0,42.722370778609175,1.218494594835685,0.0,6.0912,0.0,-5.0,39.91927808395688
BWA,BWA,41.088211984778816,1.7431256096058545,0.0,5.3774,0.0,-5.0,42.68094931303842,1.7431256096058545,0.0,5.3774,0.0,-5.0,41.088211984778816
SIGA,SIGA,41.60836993553285,1.5648307170606441,0.0,5.4596,0.0,-5.0,42.61782658071047,1.5648307170606441,0.0,5.4596,0.0,-5.0,41.60836993553285
IMPUY,IMPUY,39.21629132167526,1.8814655383721153,0.0,5.5014,0.0,-5.0,42.595055095567005,1.8814655383721153,0.0,5.5014,0.0,-5.0,39.21629132167526
TERN,TERN,41.544333289344735,3.0872645413271846,0.0,3.8806,0.0,-5.0,42.369111052459644,3.0872645413271846,0.0,3.8806,0.0,-5.0,41.544333289344735
TOL,TOL,40.31391508255091,1.204630365978598,0.0,5.9488,0.0,-5.0,42.36188677673455,1.204630365978598,0.0,5.9488,0.0,-5.0,40.31391508255091
TME,TME,39.23422724061179,1.624620772695728,0.0,5.689,0.0,-5.0,42.345636320815714,1.624620772695728,0.0,5.689,0.0,-5.0,39.23422724061179
XERS,XERS,42.0758950616501,1.5094643934781158,0.0,5.3264,0.0,-5.0,42.177860082200134,1.5094643934781158,0.0,5.3264,0.0,-5.0,42.0758950616501
PRPO,PRPO,37.50174721330096,3.8990692750833706,0.0,3.611,0.0,-5.0,42.09232961773461,3.8990692750833706,0.0,3.611,0.0,-5.0,37.50174721330096
PHM,PHM,40.2006531469011,1.3834628615926046,0.0,5.7114,0.0,-5.0,42.077537529201464,1.3834628615926046,0.0,5.7114,0.0,-5.0,40.2006531469011
MLCO,MLCO,39.3432500295146,1.602082545679158,0.0,5.6128,0.0,-5.0,42.03766670601947,1.602082545679158,0.0,5.6128,0.0,-5.0,39.3432500295146
GES,GES,41.48664563342466,0.5336327636164382,0.0,6.3514,0.0,-5.0,42.02552751123288,0.5336327636164382,0.0,6.3514,0.0,-5.0,41.48664563342466
SFIX,SFIX,40.22536883486631,1.441217795020456,0.0,5.6160000000000005,0.0,-5.0,41.950491779821746,1.441217795020456,0.0,5.6160000000000005,0.0,-5.0,40.22536883486631
EMBC,EMBC,36.421057966254004,1.9143895550484333,0.0,5.665,0.0,-5.0,41.73474395500534,1.9143895550484333,0.0,5.665,0.0,-5.0,36.421057966254004
RMBS,RMBS,40.91488901085234,2.8606885609350785,0.0,4.018400000000001,0.0,-5.0,41.67651868113646,2.8606885609350785,0.0,4.018400000000001,0.0,-5.0,40.91488901085234
SIG,SIG,36.63255882817192,1.3775167142952462,0.0,6.144400000000001,0.0,-5.0,41.640078437562565,1.3775167142952462,0.0,6.144400000000001,0.0,-5.0,36.63255882817192
MUX,MUX,36.978404883918245,1.8858949605421198,0.0,5.5774,0.0,-5.0,41.61787317855766,1.8858949605421198,0.0,5.5774,0.0,-5.0,36.978404883918245
TRVI,TRVI,41.169150415985705,2.2397480210256666,0.0,4.531000000000001,0.0,-5.0,41.41553388798094,2.2397480210256666,0.0,4.531000000000001,0.0,-5.0,41.169150415985705
LYFT,LYFT,41.6385214133726,2.3992900649391973,0.0,4.276599999999999,0.0,-5.0,41.32802855116347,2.3992900649391973,0.0,4.276599999999999,0.0,-5.0,41.6385214133726
WB,WB,40.19002295535104,1.997414187753861,0.0,4.8704,0.0,-5.0,41.22003060713472,1.997414187753861,0.0,4.8704,0.0,-5.0,40.19002295535104
SCHL,SCHL,39.44178488942134,1.8726801045173518,0.0,5.1,0.0,-5.0,41.185713185895125,1.8726801045173518,0.0,5.1,0.0,-5.0,39.44178488942134
CG,CG,37.70505319195761,1.3558425532866265,0.0,5.8702,0.0,-5.0,41.14340425594348,1.3558425532866265,0.0,5.8702,0.0,-5.0,37.70505319195761
GCO,GCO,36.76934271321331,2.2322632814147685,0.0,5.129,0.0,-5.0,41.115790284284415,2.2322632814147685,0.0,5.129,0.0,-5.0,36.76934271321331
IBP,IBP,40.11591280638638,1.4155791098689794,0.0,5.4274000000000004,0.0,-5.0,41.08455040851518,1.4155791098689794,0.0,5.4274000000000004,0.0,-5.0,40.11591280638638
EXPE,EXPE,38.45354873861009,1.5215622834001463,0.0,5.5729999999999995,0.0,-5.0,41.07806498481345,1.5215622834001463,0.0,5.5729999999999995,0.0,-5.0,38.45354873861009
MARUY,MARUY,36.80493969306342,1.3904734614478063,0.0,5.9238,0.0,-5.0,40.95991959075123,1.3904734614478063,0.0,5.9238,0.0,-5.0,36.80493969306342
AXL,AXL,38.69807871833332,1.30037789832804,0.0,5.7212,0.0,-5.0,40.94410495777776,1.30037789832804,0.0,5.7212,0.0,-5.0,38.69807871833332
WLDN,WLDN,38.70075474869379,1.4838327108457219,0.0,5.529400000000001,0.0,-5.0,40.91433966492505,1.4838327108457219,0.0,5.529400000000001,0.0,-5.0,38.70075474869379
IDN,IDN,37.99137060758489,2.09665942503312,0.0,5.016,0.0,-5.0,40.881827476779854,2.09665942503312,0.0,5.016,0.0,-5.0,37.99137060758489
ANGPY,ANGPY,40.299373167861845,2.2441647071211377,0.0,4.5072,0.0,-5.0,40.84583089048246,2.2441647071211377,0.0,4.5072,0.0,-5.0,40.299373167861845
MFI.TO,MFI.TO,39.36543092611441,1.7870113627661026,0.0,5.0786,0.0,-5.0,40.740574568152546,1.7870113627661026,0.0,5.0786,0.0,-5.0,39.36543092611441
VIK,VIK,36.6234563239104,1.1496450943817969,0.0,6.1322,0.0,-5.0,40.73460843188054,1.1496450943817969,0.0,6.1322,0.0,-5.0,36.6234563239104
CS.TO,CS.TO,40.184872636468924,2.0143455515365436,0.0,4.7181999999999995,0.0,-5.0,40.709830181958566,2.0143455515365436,0.0,4.7181999999999995,0.0,-5.0,40.184872636468924
TCOM,TCOM,38.01329079538799,0.8502686060470814,0.0,6.1984,0.0,-5.0,40.65438772718398,0.8502686060470814,0.0,6.1984,0.0,-5.0,38.01329079538799
PXT.TO,PXT.TO,36.03421225318192,1.2765923308052158,0.0,6.0642,0.0,-5.0,40.618949670909224,1.2765923308052158,0.0,6.0642,0.0,-5.0,36.03421225318192
MIELY,MIELY,37.68777327907841,1.7958206027333903,0.0,5.2916,0.0,-5.0,40.61369770543787,1.7958206027333903,0.0,5.2916,0.0,-5.0,37.68777327907841
ACLS,ACLS,36.833153216024975,1.5064279550018989,0.0,5.7078,0.0,-5.0,40.600870954699964,1.5064279550018989,0.0,5.7078,0.0,-5.0,36.833153216024975
OCUL,OCUL,38.200917203197264,1.6570784158876992,0.0,5.3426,0.0,-5.0,40.57788960426302,1.6570784158876992,0.0,5.3426,0.0,-5.0,38.200917203197264
BBVA,BBVA,37.060078976976165,1.4956001730999184,0.0,5.6714,0.0,-5.0,40.55343863596822,1.4956001730999184,0.0,5.6714,0.0,-5.0,37.060078976976165
FDMT,FDMT,36.303905547273644,1.8822093810333749,0.0,5.3915999999999995,0.0,-5.0,40.521874063031525,1.8822093810333749,0.0,5.3915999999999995,0.0,-5.0,36.303905547273644
KC,KC,37.6891580511672,1.6407686199196858,0.0,5.385599999999999,0.0,-5.0,40.385544068222934,1.6407686199196858,0.0,5.385599999999999,0.0,-5.0,37.6891580511672
FTLF,FTLF,38.4190291602743,1.4660154484366825,0.0,5.4322,0.0,-5.0,40.32203888036573,1.4660154484366825,0.0,5.4322,0.0,-5.0,38.4190291602743
ACLLY,ACLLY,37.60309875857372,1.8446391128530726,0.0,5.175800000000001,0.0,-5.0,40.31413167809829,1.8446391128530726,0.0,5.175800000000001,0.0,-5.0,37.60309875857372
APTV,APTV,37.670397261155024,1.4356902371870528,0.0,5.5522,0.0,-5.0,40.230529681540034,1.4356902371870528,0.0,5.5522,0.0,-5.0,37.670397261155024
ZYME,ZYME,37.93916659846351,1.3954973406402043,0.0,5.535,0.0,-5.0,40.16888879795135,1.3954973406402043,0.0,5.535,0.0,-5.0,37.93916659846351
RDNT,RDNT,38.570901834388295,1.8781832298439718,0.0,4.93,0.0,-5.0,40.07120244585106,1.8781832298439718,0.0,4.93,0.0,-5.0,38.570901834388295
SDE.TO,SDE.TO,36.46221917347529,1.4440635781029134,0.0,5.670800000000001,0.0,-5.0,40.01629223130038,1.4440635781029134,0.0,5.670800000000001,0.0,-5.0,36.46221917347529
IX,IX,35.63143565997268,1.233647245200798,0.0,6.0022,0.0,-5.0,39.99524754663024,1.233647245200798,0.0,6.0022,0.0,-5.0,35.63143565997268
HRTG,HRTG,36.98801759102521,1.9818035740495674,0.0,5.047,0.0,-5.0,39.99402345470028,1.9818035740495674,0.0,5.047,0.0,-5.0,36.98801759102521
PPRUY,PPRUY,37.587164139247086,1.4288016028946453,0.0,5.484400000000001,0.0,-5.0,39.902885518996115,1.4288016028946453,0.0,5.484400000000001,0.0,-5.0,37.587164139247086
TNZ.TO,TNZ.TO,36.23822816320209,1.5673542934759785,0.0,5.502000000000001,0.0,-5.0,39.71763755093612,1.5673542934759785,0.0,5.502000000000001,0.0,-5.0,36.23822816320209
SAABY,SAABY,35.62227135455077,1.7024964021944433,0.0,5.4426,0.0,-5.0,39.649695139401025,1.7024964021944433,0.0,5.4426,0.0,-5.0,35.62227135455077
SAN,SAN,37.08264960013878,1.9922748393932765,0.0,4.9162,0.0,-5.0,39.596866133518375,1.9922748393932765,0.0,4.9162,0.0,-5.0,37.08264960013878
MHO,MHO,38.24643160140667,1.7659480079048464,0.0,4.9612,0.0,-5.0,39.58190880187556,1.7659480079048464,0.0,4.9612,0.0,-5.0,38.24643160140667
APH,APH,39.11712138388354,1.1052500589477663,0.0,5.4788,0.0,-5.0,39.54282851184472,1.1052500589477663,0.0,5.4788,0.0,-5.0,39.11712138388354
NEO.TO,NEO.TO,35.876743102939834,0.8621097098036481,0.0,6.181800000000001,0.0,-5.0,39.415657470586446,0.8621097098036481,0.0,6.181800000000001,0.0,-5.0,35.876743102939834
BDI.TO,BDI.TO,34.565840615532096,0.8916342837906477,0.0,6.3286,0.0,-5.0,39.32778748737613,0.8916342837906477,0.0,6.3286,0.0,-5.0,34.565840615532096
BWXT,BWXT,35.30015913931586,1.3494736029086185,0.0,5.7364,0.0,-5.0,39.24354551908781,1.3494736029086185,0.0,5.7364,0.0,-5.0,35.30015913931586
ORCL,ORCL,42.67424229118757,3.3449666877333475,0.0,2.6098000000000003,0.0,-5.0,39.215656388250096,3.3449666877333475,0.0,2.6098000000000003,0.0,-5.0,42.67424229118757
ZETA,ZETA,35.61919483146999,1.810693553060569,0.0,5.204,0.0,-5.0,39.158926441959984,1.810693553060569,0.0,5.204,0.0,-5.0,35.61919483146999
ESE,ESE,35.06018232131774,1.0070497414740807,0.0,6.075399999999999,0.0,-5.0,39.09357642842365,1.0070497414740807,0.0,6.075399999999999,0.0,-5.0,35.06018232131774
FN,FN,39.61506839169545,1.2108869113286007,0.0,5.157,0.0,-5.0,39.01675785559394,1.2108869113286007,0.0,5.157,0.0,-5.0,39.61506839169545
OSS,OSS,35.75537885905918,0.9908071332691657,0.0,5.952000000000001,0.0,-5.0,38.9671718120789,0.9908071332691657,0.0,5.952000000000001,0.0,-5.0,35.75537885905918
CEU.TO,CEU.TO,36.53905166009975,0.9546073214170913,0.0,5.8452,0.0,-5.0,38.87873554679967,0.9546073214170913,0.0,5.8452,0.0,-5.0,36.53905166009975
CALX,CALX,36.62677034126832,1.7345850852100713,0.0,5.046600000000001,0.0,-5.0,38.85902712169109,1.7345850852100713,0.0,5.046600000000001,0.0,-5.0,36.62677034126832
CELH,CELH,35.797563378249045,0.8910001784379009,0.0,5.9386,0.0,-5.0,38.56675117099873,0.8910001784379009,0.0,5.9386,0.0,-5.0,35.797563378249045
CTGO,CTGO,35.251681010620075,1.9138240783482041,0.0,4.9302,0.0,-5.0,38.308908014160096,1.9138240783482041,0.0,4.9302,0.0,-5.0,35.251681010620075
ECG,ECG,35.014764855489446,1.3526887325438866,0.0,5.5232,0.0,-5.0,38.29301980731926,1.3526887325438866,0.0,5.5232,0.0,-5.0,35.014764855489446
ING,ING,34.338777457218676,1.2215452611491917,0.0,5.757000000000001,0.0,-5.0,38.29170327629157,1.2215452611491917,0.0,5.757000000000001,0.0,-5.0,34.338777457218676
REVG,REVG,37.12532371951388,1.984256247774249,0.0,4.556,0.0,-5.0,38.240431626018506,1.984256247774249,0.0,4.556,0.0,-5.0,37.12532371951388
TBPH,TBPH,38.11277337183502,2.3513698279283846,0.0,4.0224,0.0,-5.0,38.180364495780026,2.3513698279283846,0.0,4.0224,0.0,-5.0,38.11277337183502
ABX.TO,ABX.TO,34.22031487471044,1.7206544507348203,0.0,5.2116,0.0,-5.0,38.050419832947256,1.7206544507348203,0.0,5.2116,0.0,-5.0,34.22031487471044
WBTN,WBTN,38.118033052172194,0.8612384613937156,0.0,5.4736,0.0,-5.0,38.03737740289626,0.8612384613937156,0.0,5.4736,0.0,-5.0,38.118033052172194
KNOP,KNOP,34.2590330988757,0.9080321216763306,0.0,5.9912,0.0,-5.0,37.948710798500926,0.9080321216763306,0.0,5.9912,0.0,-5.0,34.2590330988757
GEV,GEV,36.47713091368118,1.3753821538907787,0.0,5.183400000000001,0.0,-5.0,37.93950788490824,1.3753821538907787,0.0,5.183400000000001,0.0,-5.0,36.47713091368118
LLYVK,LLYVK,36.4258211383434,0.8577573106475481,0.0,5.7066,0.0,-5.0,37.931094851124534,0.8577573106475481,0.0,5.7066,0.0,-5.0,36.4258211383434
ATGE,ATGE,33.43381853858183,1.2961472586325,0.0,5.6852,0.0,-5.0,37.785091384775775,1.2961472586325,0.0,5.6852,0.0,-5.0,33.43381853858183
LWAY,LWAY,38.48842198009721,2.500669862622924,0.0,3.6952,0.0,-5.0,37.72789597346294,2.500669862622924,0.0,3.6952,0.0,-5.0,38.48842198009721
MHK,MHK,35.96781226322625,1.0622570947507293,0.0,5.5005999999999995,0.0,-5.0,37.66374968430166,1.0622570947507293,0.0,5.5005999999999995,0.0,-5.0,35.96781226322625
AMRX,AMRX,36.11905846588105,1.515964259734561,0.0,5.0234,0.0,-5.0,37.66207795450806,1.515964259734561,0.0,5.0234,0.0,-5.0,36.11905846588105
FSLR,FSLR,34.3581542278987,0.5580376843984669,0.0,6.244,0.0,-5.0,37.64087230386494,0.5580376843984669,0.0,6.244,0.0,-5.0,34.3581542278987
RRGB,RRGB,34.74860716142893,1.362323359782384,0.0,5.3786000000000005,0.0,-5.0,37.6348095485719,1.362323359782384,0.0,5.3786000000000005,0.0,-5.0,34.74860716142893
ZIMV,ZIMV,37.77056626534872,0.7325087015311675,0.0,5.5264,0.0,-5.0,37.55408835379829,0.7325087015311675,0.0,5.5264,0.0,-5.0,37.77056626534872
TVE.TO,TVE.TO,33.693997558606476,1.2115868055581407,0.0,5.6644000000000005,0.0,-5.0,37.538663411475305,1.2115868055581407,0.0,5.6644000000000005,0.0,-5.0,33.693997558606476
BTSG,BTSG,38.363894801461676,2.246191324741421,0.0,3.9145999999999996,0.0,-5.0,37.52519306861557,2.246191324741421,0.0,3.9145999999999996,0.0,-5.0,38.363894801461676
EVR,EVR,37.87312282228177,0.7927455892889943,0.0,5.439,0.0,-5.0,37.51083042970903,0.7927455892889943,0.0,5.439,0.0,-5.0,37.87312282228177
ARQT,ARQT,35.47006169916505,1.3383934880843287,0.0,5.206,0.0,-5.0,37.310082265553405,1.3383934880843287,0.0,5.206,0.0,-5.0,35.47006169916505
RCMT,RCMT,33.565448428964444,1.1402022204880133,0.0,5.683,0.0,-5.0,37.26726457195259,1.1402022204880133,0.0,5.683,0.0,-5.0,33.565448428964444
VERV,VERV,40.21797369828719,3.515870846636128,0.0,2.2794,0.0,-5.0,37.21396493104959,3.515870846636128,0.0,2.2794,0.0,-5.0,40.21797369828719
EGL.LS,EGL.LS,33.848590181485235,1.0773961003652541,0.0,5.686,0.0,-5.0,37.20478690864698,1.0773961003652541,0.0,5.686,0.0,-5.0,33.848590181485235
MTSUY,MTSUY,35.844909645077934,1.3457975151904367,0.0,5.1032,0.0,-5.0,37.16654619343724,1.3457975151904367,0.0,5.1032,0.0,-5.0,35.844909645077934
AEIS,AEIS,33.68856912322654,1.1941061075761878,0.0,5.582999999999999,0.0,-5.0,37.16475883096872,1.1941061075761878,0.0,5.582999999999999,0.0,-5.0,33.68856912322654
PUK,PUK,34.20410481638449,1.4354498674558978,0.0,5.2544,0.0,-5.0,37.132139755179324,1.4354498674558978,0.0,5.2544,0.0,-5.0,34.20410481638449
IBKR,IBKR,32.8105398315658,0.5132684102228913,0.0,6.337000000000001,0.0,-5.0,36.93738644208773,0.5132684102228913,0.0,6.337000000000001,0.0,-5.0,32.8105398315658
FTG.TO,FTG.TO,33.527819222349976,1.3702902546996771,0.0,5.3546000000000005,0.0,-5.0,36.877092296466635,1.3702902546996771,0.0,5.3546000000000005,0.0,-5.0,33.527819222349976
CGNX,CGNX,35.97997903460771,0.8389068514758532,0.0,5.5042,0.0,-5.0,36.84663871281028,0.8389068514758532,0.0,5.5042,0.0,-5.0,35.97997903460771
CLF,CLF,36.90296874149971,1.586279363352324,0.0,4.5968,0.0,-5.0,36.77395832199962,1.586279363352324,0.0,4.5968,0.0,-5.0,36.90296874149971
AHR,AHR,33.3635211260741,1.2305979430753724,0.0,5.4858,0.0,-5.0,36.75136150143213,1.2305979430753724,0.0,5.4858,0.0,-5.0,33.3635211260741
SDVKY,SDVKY,32.85036393633301,1.0424041013501986,0.0,5.7484,0.0,-5.0,36.73715191511068,1.0424041013501986,0.0,5.7484,0.0,-5.0,32.85036393633301
SOUN,SOUN,33.46611141124514,1.159108350221235,0.0,5.5328,0.0,-5.0,36.71814854832685,1.159108350221235,0.0,5.5328,0.0,-5.0,33.46611141124514
MITSY,MITSY,35.47955614323676,0.64910029576874,0.0,5.723,0.0,-5.0,36.66940819098235,0.64910029576874,0.0,5.723,0.0,-5.0,35.47955614323676
GS,GS,34.201011313048525,0.8751991239209712,0.0,5.687799999999999,0.0,-5.0,36.65468175073137,0.8751991239209712,0.0,5.687799999999999,0.0,-5.0,34.201011313048525
YMM,YMM,34.83624220530325,0.22515079726796405,0.0,6.227799999999999,0.0,-5.0,36.604989607071005,0.22515079726796405,0.0,6.227799999999999,0.0,-5.0,34.83624220530325
LTM,LTM,34.43874266457039,1.665255652484143,0.0,4.8456,0.0,-5.0,36.59499021942719,1.665255652484143,0.0,4.8456,0.0,-5.0,34.43874266457039
C,C,33.67838205341673,1.0915252425989537,0.0,5.524400000000001,0.0,-5.0,36.554509404555645,1.0915252425989537,0.0,5.524400000000001,0.0,-5.0,33.67838205341673
BBUC.TO,BBUC.TO,32.6518938440673,0.46896890800097557,0.0,6.2904,0.0,-5.0,36.50585845875641,0.46896890800097557,0.0,6.2904,0.0,-5.0,32.6518938440673
JOUT,JOUT,36.005923907518465,0.9012893018450222,0.0,5.334199999999999,0.0,-5.0,36.457898543357956,0.9012893018450222,0.0,5.334199999999999,0.0,-5.0,36.005923907518465
MCFT,MCFT,32.57909209331199,0.833621885625293,0.0,5.9074,0.0,-5.0,36.395456124415986,0.833621885625293,0.0,5.9074,0.0,-5.0,32.57909209331199
MNSO,MNSO,36.81727086467031,0.3203343979012691,0.0,5.744,0.0,-5.0,36.27969448622708,0.3203343979012691,0.0,5.744,0.0,-5.0,36.81727086467031
PAAS.TO,PAAS.TO,33.50825678837968,1.0380045538295226,0.0,5.5078,0.0,-5.0,36.19434238450624,1.0380045538295226,0.0,5.5078,0.0,-5.0,33.50825678837968
BBIO,BBIO,33.52367478657914,1.343448210606557,0.0,5.180599999999999,0.0,-5.0,36.12156638210553,1.343448210606557,0.0,5.180599999999999,0.0,-5.0,33.52367478657914
PET.TO,PET.TO,33.231341043308234,1.333053418322942,0.0,5.2276,0.0,-5.0,36.09178805774431,1.333053418322942,0.0,5.2276,0.0,-5.0,33.231341043308234
CVI,CVI,33.690424458901674,1.5803275091101827,0.0,4.9056,0.0,-5.0,36.07389927853557,1.5803275091101827,0.0,4.9056,0.0,-5.0,33.690424458901674
FTDR,FTDR,34.67609126460411,0.895323304554486,0.0,5.4282,0.0,-5.0,36.02812168613882,0.895323304554486,0.0,5.4282,0.0,-5.0,34.67609126460411
SAP.TO,SAP.TO,33.52517740903213,1.4276646164382745,0.0,5.0558,0.0,-5.0,35.970236545376174,1.4276646164382745,0.0,5.0558,0.0,-5.0,33.52517740903213
THC,THC,35.006123229914714,0.8622440848080679,0.0,5.3870000000000005,0.0,-5.0,35.93816430655295,0.8622440848080679,0.0,5.3870000000000005,0.0,-5.0,35.006123229914714
ATAT,ATAT,33.548277015957105,0.40078009213096644,0.0,6.0696,0.0,-5.0,35.93436935460947,0.40078009213096644,0.0,6.0696,0.0,-5.0,33.548277015957105
III,III,32.369717284273605,1.271460019661938,0.0,5.3648,0.0,-5.0,35.88295637903147,1.271460019661938,0.0,5.3648,0.0,-5.0,32.369717284273605
VNET,VNET,35.179325085900274,2.331989858722596,0.0,3.8760000000000003,0.0,-5.0,35.88243344786704,2.331989858722596,0.0,3.8760000000000003,0.0,-5.0,35.179325085900274
BABA,BABA,31.94498417335135,1.611031705061861,0.0,5.0856,0.0,-5.0,35.86664556446846,1.611031705061861,0.0,5.0856,0.0,-5.0,31.94498417335135
ALLT.TA,ALLT.TA,32.45198207294342,0.9524408021218381,0.0,5.6632,0.0,-5.0,35.852642763924564,0.9524408021218381,0.0,5.6632,0.0,-5.0,32.45198207294342
SBR,SBR,32.262356300621946,1.1127136610787438,0.0,5.5284,0.0,-5.0,35.83980840082926,1.1127136610787438,0.0,5.5284,0.0,-5.0,32.262356300621946
BCS,BCS,32.638633605989625,1.018763653280432,0.0,5.562799999999999,0.0,-5.0,35.831511474652835,1.018763653280432,0.0,5.562799999999999,0.0,-5.0,32.638633605989625
MG.TO,MG.TO,32.27718758132107,0.8761492228715835,0.0,5.7422,0.0,-5.0,35.762916775094766,0.8761492228715835,0.0,5.7422,0.0,-5.0,32.27718758132107
GSAT,GSAT,33.06825299393913,1.1179180686098562,0.0,5.3776,0.0,-5.0,35.75433732525218,1.1179180686098562,0.0,5.3776,0.0,-5.0,33.06825299393913
DUOT,DUOT,31.728000384191205,0.7683905542483713,0.0,5.9046,0.0,-5.0,35.65400051225494,0.7683905542483713,0.0,5.9046,0.0,-5.0,31.728000384191205
MFG,MFG,31.693818476348994,0.6559789920201133,0.0,6.0154,0.0,-5.0,35.62842463513199,0.6559789920201133,0.0,6.0154,0.0,-5.0,31.693818476348994
OTSKY,OTSKY,32.08400180657631,1.1183876686377279,0.0,5.4856,0.0,-5.0,35.59866907543508,1.1183876686377279,0.0,5.4856,0.0,-5.0,32.08400180657631
ALV,ALV,31.88769940819431,1.0162817845220178,0.0,5.6136,0.0,-5.0,35.58359921092575,1.0162817845220178,0.0,5.6136,0.0,-5.0,31.88769940819431
LNC,LNC,32.7524180404569,1.1889039828229886,0.0,5.3020000000000005,0.0,-5.0,35.556557387275866,1.1889039828229886,0.0,5.3020000000000005,0.0,-5.0,32.7524180404569
NCLH,NCLH,34.03592981319116,1.0735032001404266,0.0,5.1964,0.0,-5.0,35.46123975092155,1.0735032001404266,0.0,5.1964,0.0,-5.0,34.03592981319116
NATL,NATL,34.182939546575426,0.41072739993913354,0.0,5.8286,0.0,-5.0,35.430586062100566,0.41072739993913354,0.0,5.8286,0.0,-5.0,34.182939546575426
HOG,HOG,31.717949526867688,1.2680818086334358,0.0,5.3442,0.0,-5.0,35.42059936915692,1.2680818086334358,0.0,5.3442,0.0,-5.0,31.717949526867688
CVS,CVS,31.70099394462765,1.3837035316068886,0.0,5.227799999999999,0.0,-5.0,35.407991926170205,1.3837035316068886,0.0,5.227799999999999,0.0,-5.0,31.70099394462765
WDC,WDC,32.48146803996101,3.291920490658745,0.0,5.1946,-5.0,-5.0,35.38529071994801,3.291920490658745,0.0,5.1946,-5.0,-5.0,32.48146803996101
VC,VC,33.10839599072384,0.7988963282740507,0.0,5.582999999999999,0.0,-5.0,35.35119465429845,0.7988963282740507,0.0,5.582999999999999,0.0,-5.0,33.10839599072384
RCAT,RCAT,34.59049282060561,2.652042985773838,0.0,3.4852,0.0,-5.0,35.280657094140814,2.652042985773838,0.0,3.4852,0.0,-5.0,34.59049282060561
AX,AX,32.054857276535714,0.7862217958675741,0.0,5.735399999999999,0.0,-5.0,35.27314303538095,0.7862217958675741,0.0,5.735399999999999,0.0,-5.0,32.054857276535714
NET,NET,35.42243759052555,0.4884063675988428,0.0,5.5112,0.0,-5.0,35.2399167873674,0.4884063675988428,0.0,5.5112,0.0,-5.0,35.42243759052555
PHIN,PHIN,32.69867997212002,0.9009191054466061,0.0,5.5124,0.0,-5.0,35.23490662949336,0.9009191054466061,0.0,5.5124,0.0,-5.0,32.69867997212002
TK,TK,32.12445644789532,1.2050070243342865,0.0,5.2951999999999995,0.0,-5.0,35.23260859719375,1.2050070243342865,0.0,5.2951999999999995,0.0,-5.0,32.12445644789532
RUP.TO,RUP.TO,32.2271421137781,0.6526479215295197,0.0,5.8222000000000005,0.0,-5.0,35.19618948503747,0.6526479215295197,0.0,5.8222000000000005,0.0,-5.0,32.2271421137781
ATZ.TO,ATZ.TO,33.101540730219554,1.091859068996989,0.0,5.2362,0.0,-5.0,35.14538764029274,1.091859068996989,0.0,5.2362,0.0,-5.0,33.101540730219554
VST,VST,33.264469615755544,1.1946065251058884,0.0,5.083,0.0,-5.0,35.04929282100739,1.1946065251058884,0.0,5.083,0.0,-5.0,33.264469615755544
DPM.TO,DPM.TO,31.975110824389276,2.0337971198759153,0.0,4.433400000000001,0.0,-5.0,35.0234810991857,2.0337971198759153,0.0,4.433400000000001,0.0,-5.0,31.975110824389276
HWKN,HWKN,31.794318651220447,1.0271758529463768,0.0,5.4664,0.0,-5.0,35.019091534960594,1.0271758529463768,0.0,5.4664,0.0,-5.0,31.794318651220447
LUN.TO,LUN.TO,32.226139037592944,1.2673552330347566,0.0,5.1584,0.0,-5.0,35.01151871679059,1.2673552330347566,0.0,5.1584,0.0,-5.0,32.226139037592944
FIGS,FIGS,32.57828892335347,0.9275920352210223,0.0,5.4426,0.0,-5.0,35.00438523113796,0.9275920352210223,0.0,5.4426,0.0,-5.0,32.57828892335347
ETON,ETON,31.57751541144456,0.9993269407379419,0.0,5.5142,0.0,-5.0,34.97002054859274,0.9993269407379419,0.0,5.5142,0.0,-5.0,31.57751541144456
IVZ,IVZ,31.440212158729164,0.8966970735195768,0.0,5.6236,0.0,-5.0,34.91694954497222,0.8966970735195768,0.0,5.6236,0.0,-5.0,31.440212158729164
SEPN,SEPN,32.302363552597,0.6925087852895506,0.0,5.695399999999999,0.0,-5.0,34.91315140346267,0.6925087852895506,0.0,5.695399999999999,0.0,-5.0,32.302363552597
SKE.TO,SKE.TO,34.774661461392476,0.8217502651718032,0.0,5.1858,0.0,-5.0,34.899548615189964,0.8217502651718032,0.0,5.1858,0.0,-5.0,34.774661461392476
APA,APA,31.163624709117023,1.125079305979332,0.0,5.4288,0.0,-5.0,34.884832945489364,1.125079305979332,0.0,5.4288,0.0,-5.0,31.163624709117023
LOW,LOW,33.933441114140074,1.0981467660475077,0.0,5.0336,0.0,-5.0,34.884588152186765,1.0981467660475077,0.0,5.0336,0.0,-5.0,33.933441114140074
RRR,RRR,31.196496104906494,0.4352023832190981,0.0,6.097799999999999,0.0,-5.0,34.825328139875324,0.4352023832190981,0.0,6.097799999999999,0.0,-5.0,31.196496104906494
HOV,HOV,33.121401615333006,1.6852498520041652,0.0,4.5464,0.0,-5.0,34.79520215377734,1.6852498520041652,0.0,4.5464,0.0,-5.0,33.121401615333006
MTZ,MTZ,32.0554115440357,1.0019121867247138,0.0,5.3776,0.0,-5.0,34.74054872538093,1.0019121867247138,0.0,5.3776,0.0,-5.0,32.0554115440357
CCO.TO,CCO.TO,31.31905420626828,1.0223919657180005,0.0,5.4563999999999995,0.0,-5.0,34.69207227502437,1.0223919657180005,0.0,5.4563999999999995,0.0,-5.0,31.31905420626828
AVGO,AVGO,32.293781976379,1.656831893613512,0.0,4.628,0.0,-5.0,34.52170930183867,1.656831893613512,0.0,4.628,0.0,-5.0,32.293781976379
RBI.VI,RBI.VI,30.909872023072452,1.0284343157988465,0.0,5.457000000000001,0.0,-5.0,34.48316269742994,1.0284343157988465,0.0,5.457000000000001,0.0,-5.0,30.909872023072452
GRBK,GRBK,31.8457902847913,0.9589002483385503,0.0,5.3717999999999995,0.0,-5.0,34.43772037972173,0.9589002483385503,0.0,5.3717999999999995,0.0,-5.0,31.8457902847913
CCL,CCL,32.69862517781655,0.8487746393024118,0.0,5.3432,0.0,-5.0,34.40483357042208,0.8487746393024118,0.0,5.3432,0.0,-5.0,32.69862517781655
REXR,REXR,32.231855726057006,0.945805607833806,0.0,5.297999999999999,0.0,-5.0,34.33247430140934,0.945805607833806,0.0,5.297999999999999,0.0,-5.0,32.231855726057006
DCI,DCI,30.896010890895408,0.8875291968803374,0.0,5.5462,0.0,-5.0,34.28134785452721,0.8875291968803374,0.0,5.5462,0.0,-5.0,30.896010890895408
NPK,NPK,31.245609915886323,0.8239810622753162,0.0,5.551,0.0,-5.0,34.26081322118176,0.8239810622753162,0.0,5.551,0.0,-5.0,31.245609915886323
ZH,ZH,33.970924003083326,1.4207623371343905,0.0,4.5186,0.0,-5.0,34.18456533744444,1.4207623371343905,0.0,4.5186,0.0,-5.0,33.970924003083326
AGX,AGX,30.681638957646996,0.9488853755219285,0.0,5.4884,0.0,-5.0,34.17218527686266,0.9488853755219285,0.0,5.4884,0.0,-5.0,30.681638957646996
PODD,PODD,31.008289275855823,1.092119090967533,0.0,5.2942,0.0,-5.0,34.16771903447443,1.092119090967533,0.0,5.2942,0.0,-5.0,31.008289275855823
VPG,VPG,32.233040933111496,1.4245130784734477,0.0,4.7581999999999995,0.0,-5.0,34.104054577481996,1.4245130784734477,0.0,4.7581999999999995,0.0,-5.0,32.233040933111496
LYV,LYV,31.514847456382004,0.8270610705030088,0.0,5.444400000000001,0.0,-5.0,34.026463275176006,0.8270610705030088,0.0,5.444400000000001,0.0,-5.0,31.514847456382004
PBF,PBF,33.446995825502505,1.0768689931179696,0.0,4.8956,0.0,-5.0,34.00932776733667,1.0768689931179696,0.0,4.8956,0.0,-5.0,33.446995825502505
HSBC,HSBC,31.453860607748332,1.016092313955217,0.0,5.2572,0.0,-5.0,33.99848081033111,1.016092313955217,0.0,5.2572,0.0,-5.0,31.453860607748332
SHOP.TO,SHOP.TO,32.1630659739213,1.1697403883522641,0.0,4.9952,0.0,-5.0,33.99742129856173,1.1697403883522641,0.0,4.9952,0.0,-5.0,32.1630659739213
ATRA,ATRA,31.778870528625205,0.5325482978794069,0.0,5.685,0.0,-5.0,33.975160704833606,0.5325482978794069,0.0,5.685,0.0,-5.0,31.778870528625205
UAL,UAL,34.61372867371219,1.29405280989708,0.0,4.4807999999999995,0.0,-5.0,33.934971564949585,1.29405280989708,0.0,4.4807999999999995,0.0,-5.0,34.61372867371219
AAOI,AAOI,31.42449606917146,0.7235706299269007,0.0,5.5162,0.0,-5.0,33.855994758895285,0.7235706299269007,0.0,5.5162,0.0,-5.0,31.42449606917146
TIH.TO,TIH.TO,30.605697725543408,0.9165449347135808,0.0,5.4262,0.0,-5.0,33.774263634057874,0.9165449347135808,0.0,5.4262,0.0,-5.0,30.605697725543408
DASH,DASH,31.076624336344135,0.7676474842096022,0.0,5.501,0.0,-5.0,33.765499115125515,0.7676474842096022,0.0,5.501,0.0,-5.0,31.076624336344135
CIGI.TO,CIGI.TO,30.835266972444547,0.7847431309093684,0.0,5.5122,0.0,-5.0,33.73368929659273,0.7847431309093684,0.0,5.5122,0.0,-5.0,30.835266972444547
CBL,CBL,32.97536764728274,1.1347127918288735,0.0,4.8006,0.0,-5.0,33.60049019637699,1.1347127918288735,0.0,4.8006,0.0,-5.0,32.97536764728274
XHR,XHR,31.07442816897375,0.8445790565533972,0.0,5.3774,0.0,-5.0,33.589237558631666,0.8445790565533972,0.0,5.3774,0.0,-5.0,31.07442816897375
LDOS,LDOS,30.764949687128222,0.882656444368909,0.0,5.376,0.0,-5.0,33.54993291617097,0.882656444368909,0.0,5.376,0.0,-5.0,30.764949687128222
EDR.TO,EDR.TO,32.09683739073199,1.7641733111328484,0.0,4.2602,0.0,-5.0,33.43244985430932,1.7641733111328484,0.0,4.2602,0.0,-5.0,32.09683739073199
HROW,HROW,30.685278380556618,1.1333359249384873,0.0,5.1038,0.0,-5.0,33.42370450740882,1.1333359249384873,0.0,5.1038,0.0,-5.0,30.685278380556618
ATH.TO,ATH.TO,30.44431689492524,1.073823115159414,0.0,5.1508,0.0,-5.0,33.23908919323365,1.073823115159414,0.0,5.1508,0.0,-5.0,30.44431689492524
LNR.TO,LNR.TO,31.598517896309374,-0.04138366551174502,0.0,6.0774,0.0,-5.0,33.19135719507917,-0.04138366551174502,0.0,6.0774,0.0,-5.0,31.598517896309374
SYF,SYF,30.283630653953303,0.6447313074698778,0.0,5.5668,0.0,-5.0,33.09817420527107,0.6447313074698778,0.0,5.5668,0.0,-5.0,30.283630653953303
ECO,ECO,32.594030662847835,1.931479245784957,0.0,3.9068,0.0,-5.0,33.01870755046378,1.931479245784957,0.0,3.9068,0.0,-5.0,32.594030662847835
RCUS,RCUS,29.640950574263734,1.1241105928662818,0.0,5.1204,0.0,-5.0,32.85460076568498,1.1241105928662818,0.0,5.1204,0.0,-5.0,29.640950574263734
LSCC,LSCC,29.998667121563525,0.9189672881906849,0.0,5.263999999999999,0.0,-5.0,32.828222828751365,0.9189672881906849,0.0,5.263999999999999,0.0,-5.0,29.998667121563525
SMTC,SMTC,31.321583527558783,0.3670391929008322,0.0,5.5976,0.0,-5.0,32.76544470341171,0.3670391929008322,0.0,5.5976,0.0,-5.0,31.321583527558783
AZZ,AZZ,30.775798493615124,0.8734384240995818,0.0,5.1652,0.0,-5.0,32.7310646581535,0.8734384240995818,0.0,5.1652,0.0,-5.0,30.775798493615124
VITL,VITL,30.30068976653159,0.3098861747873721,0.0,5.754,0.0,-5.0,32.554253022042126,0.3098861747873721,0.0,5.754,0.0,-5.0,30.30068976653159
SVV,SVV,32.50584536632843,1.4098511220476806,0.0,4.3074,0.0,-5.0,32.51446048843791,1.4098511220476806,0.0,4.3074,0.0,-5.0,32.50584536632843
NRDBY,NRDBY,29.445678414354898,0.8294362492657572,0.0,5.3434,0.0,-5.0,32.47423788580653,0.8294362492657572,0.0,5.3434,0.0,-5.0,29.445678414354898
DOCS,DOCS,30.609213928618104,1.2459926712112974,0.0,4.7188,0.0,-5.0,32.35895190482414,1.2459926712112974,0.0,4.7188,0.0,-5.0,30.609213928618104
KYMR,KYMR,29.294782077916793,1.0082446126561093,0.0,5.1526,0.0,-5.0,32.34304277055572,1.0082446126561093,0.0,5.1526,0.0,-5.0,29.294782077916793
JLL,JLL,32.17124975653842,1.2606697918046312,0.0,4.4606,0.0,-5.0,32.338333008717896,1.2606697918046312,0.0,4.4606,0.0,-5.0,32.17124975653842
NBN,NBN,30.425792677421054,0.89154835350777,0.0,5.0502,0.0,-5.0,32.16772356989474,0.89154835350777,0.0,5.0502,0.0,-5.0,30.425792677421054
LEN,LEN,29.395677295618803,0.9424772918082648,0.0,5.1562,0.0,-5.0,32.16756972749174,0.9424772918082648,0.0,5.1562,0.0,-5.0,29.395677295618803
GDS,GDS,32.294645419908484,1.6106517678544223,0.0,4.0388,0.0,-5.0,32.139527226544644,1.6106517678544223,0.0,4.0388,0.0,-5.0,32.294645419908484
CUK,CUK,30.255581341008554,0.7178101772207861,0.0,5.2338,0.0,-5.0,32.10744178801141,0.7178101772207861,0.0,5.2338,0.0,-5.0,30.255581341008554
GSY.TO,GSY.TO,29.189417696589008,0.32325946851332177,0.0,5.7904,0.0,-5.0,32.10589026211868,0.32325946851332177,0.0,5.7904,0.0,-5.0,29.189417696589008
ASML,ASML,29.28537675086737,0.6762892446206719,0.0,5.4222,0.0,-5.0,32.10383566782316,0.6762892446206719,0.0,5.4222,0.0,-5.0,29.28537675086737
BAP,BAP,30.06988825918105,0.5961265034526572,0.0,5.3782000000000005,0.0,-5.0,32.086517678908066,0.5961265034526572,0.0,5.3782000000000005,0.0,-5.0,30.06988825918105
UNFI,UNFI,29.42894047803998,0.5446577479192343,0.0,5.519,0.0,-5.0,32.055253970719974,0.5446577479192343,0.0,5.519,0.0,-5.0,29.42894047803998
KBH,KBH,29.04989975009076,0.7404907428755823,0.0,5.3706,0.0,-5.0,32.01653300012101,0.7404907428755823,0.0,5.3706,0.0,-5.0,29.04989975009076
NXE.TO,NXE.TO,29.49654555358886,0.9042378267609112,0.0,5.1376,0.0,-5.0,32.01206073811848,0.9042378267609112,0.0,5.1376,0.0,-5.0,29.49654555358886
ESLT.TA,ESLT.TA,29.56621311857033,-0.08971860448094865,0.0,6.1146,0.0,-5.0,31.988284158093776,-0.08971860448094865,0.0,6.1146,0.0,-5.0,29.56621311857033
VAL,VAL,29.327380947204198,0.4814012083208532,0.0,5.579400000000001,0.0,-5.0,31.9865079296056,0.4814012083208532,0.0,5.579400000000001,0.0,-5.0,29.327380947204198
CVE.TO,CVE.TO,30.23211074539599,1.17773043715982,0.0,4.7219999999999995,0.0,-5.0,31.899480993861317,1.17773043715982,0.0,4.7219999999999995,0.0,-5.0,30.23211074539599
AMX,AMX,29.890581820320115,1.2630515444459922,0.0,4.6704,0.0,-5.0,31.830775760426825,1.2630515444459922,0.0,4.6704,0.0,-5.0,29.890581820320115
GNTX,GNTX,29.685075923552937,0.7599646320869455,0.0,5.1984,0.0,-5.0,31.806767898070582,0.7599646320869455,0.0,5.1984,0.0,-5.0,29.685075923552937
JMHLY,JMHLY,30.679695099187615,1.5450682106285958,0.0,4.2616,0.0,-5.0,31.806260132250156,1.5450682106285958,0.0,4.2616,0.0,-5.0,30.679695099187615
NVDA,NVDA,29.069264776468764,0.3922918910920665,0.0,5.6453999999999995,0.0,-5.0,31.752353035291687,0.3922918910920665,0.0,5.6453999999999995,0.0,-5.0,29.069264776468764
XISHY,XISHY,29.70821142893498,0.8893762903232987,0.0,5.0488,0.0,-5.0,31.744281905246645,0.8893762903232987,0.0,5.0488,0.0,-5.0,29.70821142893498
APEI,APEI,29.376542665437753,0.8859229542476703,0.0,5.1022,0.0,-5.0,31.742056887250335,0.8859229542476703,0.0,5.1022,0.0,-5.0,29.376542665437753
ABBV,ABBV,29.407606600964392,0.903945468132448,0.0,5.0656,0.0,-5.0,31.69014213461919,0.903945468132448,0.0,5.0656,0.0,-5.0,29.407606600964392
AAP,AAP,30.02253304766696,1.008994016033921,0.0,4.8606,0.0,-5.0,31.66671073022261,1.008994016033921,0.0,4.8606,0.0,-5.0,30.02253304766696
VOE.VI,VOE.VI,30.293908003591397,1.3943305150153955,0.0,4.4184,0.0,-5.0,31.608544004788534,1.3943305150153955,0.0,4.4184,0.0,-5.0,30.293908003591397
GNW,GNW,29.05228333294864,0.9773305819324213,0.0,5.0018,0.0,-5.0,31.52304444393152,0.9773305819324213,0.0,5.0018,0.0,-5.0,29.05228333294864
HLI,HLI,29.362208425593515,0.6111661563110635,0.0,5.3136,0.0,-5.0,31.496277900791355,0.6111661563110635,0.0,5.3136,0.0,-5.0,29.362208425593515
MKSI,MKSI,31.48657384725553,1.3064499245217582,0.0,4.2926,0.0,-5.0,31.488765129674043,1.3064499245217582,0.0,4.2926,0.0,-5.0,31.48657384725553
HIFS,HIFS,29.401058276077663,0.7405261259332379,0.0,5.170800000000001,0.0,-5.0,31.468077701436883,0.7405261259332379,0.0,5.170800000000001,0.0,-5.0,29.401058276077663
OLA.TO,OLA.TO,29.485809486578745,1.3621676417175865,0.0,4.5165999999999995,0.0,-5.0,31.39441264877166,1.3621676417175865,0.0,4.5165999999999995,0.0,-5.0,29.485809486578745
NTCT,NTCT,28.494046380146894,0.6735554550139724,0.0,5.3486,0.0,-5.0,31.365395173529194,0.6735554550139724,0.0,5.3486,0.0,-5.0,28.494046380146894
MSB,MSB,28.505954072757923,-0.022980759820612873,0.0,6.0360000000000005,0.0,-5.0,31.33793876367723,-0.022980759820612873,0.0,6.0360000000000005,0.0,-5.0,28.505954072757923
EDV.L,EDV.L,29.712512347643106,0.7628279055528852,0.0,5.066,0.0,-5.0,31.336683130190806,0.7628279055528852,0.0,5.066,0.0,-5.0,29.712512347643106
URI,URI,29.57905935805318,1.0171358695727093,0.0,4.8068,0.0,-5.0,31.242079144070907,1.0171358695727093,0.0,4.8068,0.0,-5.0,29.57905935805318
SNN,SNN,31.972183254067538,1.5718023119375313,0.0,3.8788,0.0,-5.0,31.20957767209005,1.5718023119375313,0.0,3.8788,0.0,-5.0,31.972183254067538
MC,MC,28.621639354048774,0.4986346624099094,0.0,5.457000000000001,0.0,-5.0,31.188852472065033,0.4986346624099094,0.0,5.457000000000001,0.0,-5.0,28.621639354048774
BRC,BRC,28.624200632929984,0.669710604785774,0.0,5.274,0.0,-5.0,31.145600843906642,0.669710604785774,0.0,5.274,0.0,-5.0,28.624200632929984
PDD,PDD,28.32444190616057,-0.07550386668483566,0.0,6.063199999999999,0.0,-5.0,31.13925587488076,-0.07550386668483566,0.0,6.063199999999999,0.0,-5.0,28.32444190616057
SCPH,SCPH,31.399974728829058,0.8555440718890774,0.0,6.646800000000001,-5.0,-5.0,31.076632971772078,0.8555440718890774,0.0,6.646800000000001,-5.0,-5.0,31.399974728829058
NXT,NXT,28.33008287249661,0.16773112330089945,0.0,5.782,0.0,-5.0,31.000110496662153,0.16773112330089945,0.0,5.782,0.0,-5.0,28.33008287249661
GTX,GTX,28.765345873855658,-0.12581226689916758,0.0,5.994199999999999,0.0,-5.0,30.943794498474208,-0.12581226689916758,0.0,5.994199999999999,0.0,-5.0,28.765345873855658
IDXX,IDXX,28.419852658465548,0.5364145083866507,0.0,5.364,0.0,-5.0,30.866470211287396,0.5364145083866507,0.0,5.364,0.0,-5.0,28.419852658465548
KN,KN,29.758648143044173,1.257934860808975,0.0,4.4336,0.0,-5.0,30.8481975240589,1.257934860808975,0.0,4.4336,0.0,-5.0,29.758648143044173
ZG,ZG,28.394604793473825,0.5463958945470628,0.0,5.348,0.0,-5.0,30.8294730579651,0.5463958945470628,0.0,5.348,0.0,-5.0,28.394604793473825
NTES,NTES,30.445396883321106,0.5285980969287335,0.0,5.0358,0.0,-5.0,30.76386251109481,0.5285980969287335,0.0,5.0358,0.0,-5.0,30.445396883321106
ENR,ENR,28.1482142615583,0.9756467071102582,0.0,4.8998,0.0,-5.0,30.61761901541107,0.9756467071102582,0.0,4.8998,0.0,-5.0,28.1482142615583
GNL,GNL,28.22681521626103,0.816571980446686,0.0,5.0304,0.0,-5.0,30.555753621681376,0.816571980446686,0.0,5.0304,0.0,-5.0,28.22681521626103
VIPS,VIPS,29.63534094914674,1.0443264150647356,0.0,4.5866,0.0,-5.0,30.550454598862324,1.0443264150647356,0.0,4.5866,0.0,-5.0,29.63534094914674
CUBI,CUBI,28.102785453341824,-0.06213882852737618,0.0,5.9248,0.0,-5.0,30.543713937789096,-0.06213882852737618,0.0,5.9248,0.0,-5.0,28.102785453341824
KRC,KRC,30.581657422308894,0.19319388897704598,0.0,5.278,0.0,-5.0,30.492209896411858,0.19319388897704598,0.0,5.278,0.0,-5.0,30.581657422308894
NMR,NMR,28.408791075122508,1.0060337422471126,0.0,4.7828,0.0,-5.0,30.441721433496674,1.0060337422471126,0.0,4.7828,0.0,-5.0,28.408791075122508
PII,PII,29.29701441759693,1.0738759451625497,0.0,4.5692,0.0,-5.0,30.402685890129238,1.0738759451625497,0.0,4.5692,0.0,-5.0,29.29701441759693
LFUS,LFUS,27.787564579529604,0.5675274066345866,0.0,5.2862,0.0,-5.0,30.330086106039474,0.5675274066345866,0.0,5.2862,0.0,-5.0,27.787564579529604
LRCX,LRCX,27.896724762381822,0.7370615390236084,0.0,5.078399999999999,0.0,-5.0,30.24896634984243,0.7370615390236084,0.0,5.078399999999999,0.0,-5.0,27.896724762381822
DLO,DLO,28.034927831412855,-0.08970355171294411,0.0,5.8728,0.0,-5.0,30.206570441883805,-0.08970355171294411,0.0,5.8728,0.0,-5.0,28.034927831412855
TDW,TDW,27.908810373503023,-0.010682971732718927,0.0,5.804600000000001,0.0,-5.0,30.175080498004032,-0.010682971732718927,0.0,5.804600000000001,0.0,-5.0,27.908810373503023
PANL,PANL,27.646938523172732,0.6984890967716034,0.0,5.124,0.0,-5.0,30.132584697563644,0.6984890967716034,0.0,5.124,0.0,-5.0,27.646938523172732
PPTA.TO,PPTA.TO,28.108452981332444,0.4101015581119889,0.0,5.3346,0.0,-5.0,30.104603975109924,0.4101015581119889,0.0,5.3346,0.0,-5.0,28.108452981332444
EVI,EVI,29.72471182391285,0.8444176404140388,0.0,4.65,0.0,-5.0,30.089615765217133,0.8444176404140388,0.0,4.65,0.0,-5.0,29.72471182391285
HPE,HPE,30.68031517613141,0.20712752784891952,0.0,5.141,0.0,-5.0,30.087086901508542,0.20712752784891952,0.0,5.141,0.0,-5.0,30.68031517613141
EVCM,EVCM,27.90292601194615,0.5590992532208061,0.0,5.195399999999999,0.0,-5.0,30.023901349261536,0.5590992532208061,0.0,5.195399999999999,0.0,-5.0,27.90292601194615
LPG,LPG,28.52173619363516,0.42691465521476313,0.0,5.2302,0.0,-5.0,30.012314924846883,0.42691465521476313,0.0,5.2302,0.0,-5.0,28.52173619363516
GWRE,GWRE,29.127012894950383,-0.15568626896246165,0.0,5.718,0.0,-5.0,30.002683859933846,-0.15568626896246165,0.0,5.718,0.0,-5.0,29.127012894950383
GRC,GRC,27.577483580869252,0.4587331719861343,0.0,5.3372,0.0,-5.0,29.993311441159005,0.4587331719861343,0.0,5.3372,0.0,-5.0,27.577483580869252
RF,RF,28.47199736573482,0.6589867663715187,0.0,4.9978,0.0,-5.0,29.98266315431309,0.6589867663715187,0.0,4.9978,0.0,-5.0,28.47199736573482
TEX,TEX,27.51231669132225,0.4403595817289643,0.0,5.361000000000001,0.0,-5.0,29.976422255096335,0.4403595817289643,0.0,5.361000000000001,0.0,-5.0,27.51231669132225
MSI,MSI,27.56450624392442,0.5054298400354371,0.0,5.277200000000001,0.0,-5.0,29.93600832523256,0.5054298400354371,0.0,5.277200000000001,0.0,-5.0,27.56450624392442
TNK,TNK,29.366776394494998,-0.001461303975619832,0.0,5.4916,0.0,-5.0,29.869035192659997,-0.001461303975619832,0.0,5.4916,0.0,-5.0,29.366776394494998
ADTN,ADTN,28.04267657606417,0.49118190751779844,0.0,5.1886,0.0,-5.0,29.823568768085558,0.49118190751779844,0.0,5.1886,0.0,-5.0,28.04267657606417
LEVI,LEVI,28.046137145836518,0.7419738962969432,0.0,4.9314,0.0,-5.0,29.80151619444869,0.7419738962969432,0.0,4.9314,0.0,-5.0,28.046137145836518
CIO,CIO,28.051497549390973,0.8137518830508641,0.0,4.8536,0.0,-5.0,29.781996732521296,0.8137518830508641,0.0,4.8536,0.0,-5.0,28.051497549390973
ACM,ACM,27.477097042902606,0.7112038436373559,0.0,5.035,0.0,-5.0,29.749462723870145,0.7112038436373559,0.0,5.035,0.0,-5.0,27.477097042902606
OPRA,OPRA,27.844387660116418,-0.48888314207158484,0.0,6.174600000000001,0.0,-5.0,29.732516880155224,-0.48888314207158484,0.0,6.174600000000001,0.0,-5.0,27.844387660116418
SIMO,SIMO,27.503954645970623,1.049949515371809,0.0,4.6866,0.0,-5.0,29.7286061946275,1.049949515371809,0.0,4.6866,0.0,-5.0,27.503954645970623
EME,EME,28.62879281541145,0.9527325085280401,0.0,4.6088,0.0,-5.0,29.715057087215264,0.9527325085280401,0.0,4.6088,0.0,-5.0,28.62879281541145
FIBK,FIBK,27.842769886197935,0.5585437229100567,0.0,5.1224,0.0,-5.0,29.713693181597247,0.5585437229100567,0.0,5.1224,0.0,-5.0,27.842769886197935
CFG,CFG,28.363559557756364,0.6824882910997065,0.0,4.9176,0.0,-5.0,29.70807941034182,0.6824882910997065,0.0,4.9176,0.0,-5.0,28.363559557756364
GNK,GNK,30.523288571666598,-0.04550962353440545,0.0,5.3164,0.0,-5.0,29.707718095555464,-0.04550962353440545,0.0,5.3164,0.0,-5.0,30.523288571666598
FRO,FRO,27.913968554891618,0.8611872619462326,0.0,4.788,0.0,-5.0,29.635291406522157,0.8611872619462326,0.0,4.788,0.0,-5.0,27.913968554891618
ORIC,ORIC,27.66190272769844,0.7113072208657137,0.0,4.956,0.0,-5.0,29.55920363693125,0.7113072208657137,0.0,4.956,0.0,-5.0,27.66190272769844
CRC,CRC,27.86556534581481,0.8602418480385653,0.0,4.772,0.0,-5.0,29.544087127753084,0.8602418480385653,0.0,4.772,0.0,-5.0,27.86556534581481
KEY,KEY,27.526000788147762,0.37667317600462535,0.0,5.296799999999999,0.0,-5.0,29.504667717530346,0.37667317600462535,0.0,5.296799999999999,0.0,-5.0,27.526000788147762
IMO.TO,IMO.TO,27.524264707989595,0.6406760041629666,0.0,5.012,0.0,-5.0,29.425686277319464,0.6406760041629666,0.0,5.012,0.0,-5.0,27.524264707989595
DCO,DCO,26.995000278786357,0.7816095804518315,0.0,4.9262,0.0,-5.0,29.330000371715144,0.7816095804518315,0.0,4.9262,0.0,-5.0,26.995000278786357
CMA,CMA,27.112808762159762,0.4689008278673792,0.0,5.194400000000001,0.0,-5.0,29.23041168287968,0.4689008278673792,0.0,5.194400000000001,0.0,-5.0,27.112808762159762
NTAP,NTAP,29.439848818768,-0.07223706539316807,0.0,5.3629999999999995,0.0,-5.0,29.163131758357334,-0.07223706539316807,0.0,5.3629999999999995,0.0,-5.0,29.439848818768
PAC,PAC,27.512029426640026,1.1208789946189255,0.0,4.4582,0.0,-5.0,29.142705902186698,1.1208789946189255,0.0,4.4582,0.0,-5.0,27.512029426640026
BILI,BILI,28.146945851155852,1.2770112205522999,0.0,4.2044,0.0,-5.0,29.139261134874467,1.2770112205522999,0.0,4.2044,0.0,-5.0,28.146945851155852
GMAB,GMAB,27.23601887611076,0.6409784383209163,0.0,4.9638,0.0,-5.0,29.081358501481013,0.6409784383209163,0.0,4.9638,0.0,-5.0,27.23601887611076
SEDG,SEDG,27.44349475351453,-0.11433439928593747,0.0,5.686599999999999,0.0,-5.0,29.077993004686036,-0.11433439928593747,0.0,5.686599999999999,0.0,-5.0,27.44349475351453
JPM,JPM,27.225810445141196,0.5089265666318623,0.0,5.0680000000000005,0.0,-5.0,28.9710805935216,0.5089265666318623,0.0,5.0680000000000005,0.0,-5.0,27.225810445141196
GTN,GTN,28.21040005539365,0.6500812810958516,0.0,4.774,0.0,-5.0,28.960533407191527,0.6500812810958516,0.0,4.774,0.0,-5.0,28.21040005539365
SSUMY,SSUMY,26.950762392420508,0.40962156544416695,0.0,5.2012,0.0,-5.0,28.941016523227344,0.40962156544416695,0.0,5.2012,0.0,-5.0,26.950762392420508
TOT.TO,TOT.TO,27.223497410869513,0.5309899501449162,0.0,5.0268,0.0,-5.0,28.897996547826015,0.5309899501449162,0.0,5.0268,0.0,-5.0,27.223497410869513
HST,HST,26.80870419849579,0.5411367260435891,0.0,5.0666,0.0,-5.0,28.848272264661052,0.5411367260435891,0.0,5.0666,0.0,-5.0,26.80870419849579
TJX,TJX,26.595722636402535,0.48168650390400813,0.0,5.153,0.0,-5.0,28.82763018187005,0.48168650390400813,0.0,5.153,0.0,-5.0,26.595722636402535
BRSP,BRSP,26.70999753318835,0.6853042607112838,0.0,4.9166,0.0,-5.0,28.769996710917802,0.6853042607112838,0.0,4.9166,0.0,-5.0,26.70999753318835
HBAN,HBAN,26.533624380444092,0.30082527094737044,0.0,5.3248,0.0,-5.0,28.75816584059212,0.30082527094737044,0.0,5.3248,0.0,-5.0,26.533624380444092
CVNA,CVNA,26.880356560897255,0.8503613330076959,0.0,4.7106,0.0,-5.0,28.713808747863006,0.8503613330076959,0.0,4.7106,0.0,-5.0,26.880356560897255
NTGR,NTGR,26.54641670900257,0.41129101389258516,0.0,5.1716,0.0,-5.0,28.60522227867009,0.41129101389258516,0.0,5.1716,0.0,-5.0,26.54641670900257
ARGX,ARGX,27.409532431911764,0.2442986528328654,0.0,5.1744,0.0,-5.0,28.482709909215686,0.2442986528328654,0.0,5.1744,0.0,-5.0,27.409532431911764
CW,CW,26.988650545763235,0.9095416981868159,0.0,4.5152,0.0,-5.0,28.26486739435098,0.9095416981868159,0.0,4.5152,0.0,-5.0,26.988650545763235
ZION,ZION,26.688480891028988,0.508221514367794,0.0,4.9622,0.0,-5.0,28.264641188038652,0.508221514367794,0.0,4.9622,0.0,-5.0,26.688480891028988
HNGE,HNGE,27.33843326388045,1.3206753298042821,0.0,4.0418,0.0,-5.0,28.2312443518406,1.3206753298042821,0.0,4.0418,0.0,-5.0,27.33843326388045
CMI,CMI,27.30987123066459,1.0250055833731233,0.0,4.337,0.0,-5.0,28.21316164088612,1.0250055833731233,0.0,4.337,0.0,-5.0,27.30987123066459
GE,GE,26.602000533840883,0.04938423544703663,0.0,5.376799999999999,0.0,-5.0,28.049334045121174,0.04938423544703663,0.0,5.376799999999999,0.0,-5.0,26.602000533840883
BX,BX,27.089300490765705,0.22401343304445975,0.0,5.1234,0.0,-5.0,28.032400654354273,0.22401343304445975,0.0,5.1234,0.0,-5.0,27.089300490765705
COCO,COCO,26.599678213894542,0.7690235101246051,0.0,4.6078,0.0,-5.0,27.862904285192723,0.7690235101246051,0.0,4.6078,0.0,-5.0,26.599678213894542
ADPT,ADPT,26.22644927580521,0.5283484242905818,0.0,4.8962,0.0,-5.0,27.828599034406945,0.5283484242905818,0.0,4.8962,0.0,-5.0,26.22644927580521
TRTX,TRTX,26.300722027126614,0.7708609832892177,0.0,4.635,0.0,-5.0,27.800962702835488,0.7708609832892177,0.0,4.635,0.0,-5.0,26.300722027126614
SANM,SANM,26.844778566038922,1.0190661213539394,0.0,4.3,0.0,-5.0,27.78637142138523,1.0190661213539394,0.0,4.3,0.0,-5.0,26.844778566038922
MTCH,MTCH,25.97076629468561,0.6725112471742192,0.0,4.7632,0.0,-5.0,27.724355059580816,0.6725112471742192,0.0,4.7632,0.0,-5.0,25.97076629468561
KLAC,KLAC,26.48080262770959,-0.36857343437011436,0.0,5.7248,0.0,-5.0,27.717736836946123,-0.36857343437011436,0.0,5.7248,0.0,-5.0,26.48080262770959
ENS,ENS,26.202997164376253,0.17798355085739814,0.0,5.1777999999999995,0.0,-5.0,27.55732955250167,0.17798355085739814,0.0,5.1777999999999995,0.0,-5.0,26.202997164376253
FUJHY,FUJHY,25.73666524560332,0.8929478594241662,0.0,4.527200000000001,0.0,-5.0,27.532220327471094,0.8929478594241662,0.0,4.527200000000001,0.0,-5.0,25.73666524560332
ULCC,ULCC,25.668701115794757,0.9099170520979829,0.0,4.5062,0.0,-5.0,27.47826815439301,0.9099170520979829,0.0,4.5062,0.0,-5.0,25.668701115794757
ACMR,ACMR,26.37048408007619,0.3790570829361143,0.0,4.9192,0.0,-5.0,27.43731210676825,0.3790570829361143,0.0,4.9192,0.0,-5.0,26.37048408007619
SNX,SNX,25.65533903922351,0.4579133286041419,0.0,4.9226,0.0,-5.0,27.337118718964682,0.4579133286041419,0.0,4.9226,0.0,-5.0,25.65533903922351
JKS,JKS,26.750602774353908,0.940554214471905,0.0,4.2536000000000005,0.0,-5.0,27.26413703247188,0.940554214471905,0.0,4.2536000000000005,0.0,-5.0,26.750602774353908
PDM,PDM,25.635413700730084,-0.22424610524849106,0.0,5.5696,0.0,-5.0,27.19388493430678,-0.22424610524849106,0.0,5.5696,0.0,-5.0,25.635413700730084
HD,HD,25.9122962618216,0.7211427325605787,0.0,4.5098,0.0,-5.0,26.9230616824288,0.7211427325605787,0.0,4.5098,0.0,-5.0,25.9122962618216
PRLB,PRLB,25.54517658406045,-0.1696688845083532,0.0,5.4238,0.0,-5.0,26.800235445413932,-0.1696688845083532,0.0,5.4238,0.0,-5.0,25.54517658406045
TD.TO,TD.TO,25.332060168908413,0.6016534946353602,0.0,4.6714,0.0,-5.0,26.74941355854455,0.6016534946353602,0.0,4.6714,0.0,-5.0,25.332060168908413
CLBR,CLBR,30.993525871417873,2.8340084310182347,0.0,1.5662,0.0,-5.0,26.711367828557165,2.8340084310182347,0.0,1.5662,0.0,-5.0,30.993525871417873
PIF.TO,PIF.TO,24.98080947552105,0.7005104966137989,0.0,4.603400000000001,0.0,-5.0,26.66441263402806,0.7005104966137989,0.0,4.603400000000001,0.0,-5.0,24.98080947552105
ANET,ANET,29.457069129209852,1.6779283310140654,0.0,2.9389999999999996,0.0,-5.0,26.6460921722798,1.6779283310140654,0.0,2.9389999999999996,0.0,-5.0,29.457069129209852
PKE,PKE,25.769464293683296,-0.24447709588656752,0.0,5.4064,0.0,-5.0,26.582619058244397,-0.24447709588656752,0.0,5.4064,0.0,-5.0,25.769464293683296
SOHU,SOHU,25.73227066029527,0.7326327690758649,0.0,4.4004,0.0,-5.0,26.453027547060366,0.7326327690758649,0.0,4.4004,0.0,-5.0,25.73227066029527
TSM,TSM,25.609118480854963,-0.3135886261120075,0.0,5.4616,0.0,-5.0,26.43882464113995,-0.3135886261120075,0.0,5.4616,0.0,-5.0,25.609118480854963
FVI.TO,FVI.TO,25.251942743809913,1.3426645574724902,0.0,3.8510000000000004,0.0,-5.0,26.405923658413222,1.3426645574724902,0.0,3.8510000000000004,0.0,-5.0,25.251942743809913
AMKR,AMKR,25.12056899001394,-0.09453836393367593,0.0,5.2944,0.0,-5.0,26.354091986685255,-0.09453836393367593,0.0,5.2944,0.0,-5.0,25.12056899001394
WRBY,WRBY,25.09316147672161,0.35782645876248564,0.0,4.8418,0.0,-5.0,26.337548635628814,0.35782645876248564,0.0,4.8418,0.0,-5.0,25.09316147672161
VIAV,VIAV,25.996868580700458,-0.4605409867783195,0.0,5.506,0.0,-5.0,26.275824774267278,-0.4605409867783195,0.0,5.506,0.0,-5.0,25.996868580700458
EBR,EBR,25.12054722133875,0.0917683243354919,0.0,5.0832,0.0,-5.0,26.260729628451664,0.0917683243354919,0.0,5.0832,0.0,-5.0,25.12054722133875
HTZ,HTZ,25.19982959527006,0.3087876003088368,0.0,4.8334,0.0,-5.0,26.183106127026747,0.3087876003088368,0.0,4.8334,0.0,-5.0,25.19982959527006
FIVE,FIVE,24.421918542554792,0.14993583086827478,0.0,5.0342,0.0,-5.0,25.895891390073054,0.14993583086827478,0.0,5.0342,0.0,-5.0,24.421918542554792
AN,AN,24.59609415596687,0.7398794475615229,0.0,4.3952,0.0,-5.0,25.811458874622495,0.7398794475615229,0.0,4.3952,0.0,-5.0,24.59609415596687
DFH,DFH,24.46728007794192,-0.05815896829116485,0.0,5.1804,0.0,-5.0,25.689706770589225,-0.05815896829116485,0.0,5.1804,0.0,-5.0,24.46728007794192
RYTM,RYTM,25.346312087277777,-0.1779397663943551,0.0,5.132999999999999,0.0,-5.0,25.565082783037038,-0.1779397663943551,0.0,5.132999999999999,0.0,-5.0,25.346312087277777
TCBX,TCBX,24.208418698943767,-0.17815302624634544,0.0,5.2798,0.0,-5.0,25.464558265258354,-0.17815302624634544,0.0,5.2798,0.0,-5.0,24.208418698943767
TPR,TPR,24.85077282078802,-0.6683096491097359,0.0,5.6178,0.0,-5.0,25.26103042771736,-0.6683096491097359,0.0,5.6178,0.0,-5.0,24.85077282078802
TIXT.TO,TIXT.TO,26.09410599875681,0.21237074260455752,0.0,4.5204,0.0,-5.0,25.15880799834241,0.21237074260455752,0.0,4.5204,0.0,-5.0,26.09410599875681
WAL,WAL,23.763493881583504,0.3782717727661715,0.0,4.6792,0.0,-5.0,25.044658508778003,0.3782717727661715,0.0,4.6792,0.0,-5.0,23.763493881583504
LMND,LMND,23.99139048661808,0.20224124172557684,0.0,4.8002,0.0,-5.0,24.968520648824104,0.20224124172557684,0.0,4.8002,0.0,-5.0,23.99139048661808
AYI,AYI,23.7965082490442,0.638623898218504,0.0,4.3660000000000005,0.0,-5.0,24.865344332058935,0.638623898218504,0.0,4.3660000000000005,0.0,-5.0,23.7965082490442
LIVE,LIVE,24.11979149559586,0.4690623991051907,0.0,4.4688,0.0,-5.0,24.79972199412781,0.4690623991051907,0.0,4.4688,0.0,-5.0,24.11979149559586
BLX,BLX,24.136750165623532,1.0550857479362088,0.0,3.88,0.0,-5.0,24.799000220831374,1.0550857479362088,0.0,3.88,0.0,-5.0,24.136750165623532
WS,WS,23.994411222859227,0.4112549786126687,0.0,4.5358,0.0,-5.0,24.76254829714564,0.4112549786126687,0.0,4.5358,0.0,-5.0,23.994411222859227
MS,MS,24.025595923314434,-0.18780908224722642,0.0,5.1092,0.0,-5.0,24.684127897752578,-0.18780908224722642,0.0,5.1092,0.0,-5.0,24.025595923314434
AMG,AMG,24.370013182090638,0.11903442429778044,0.0,4.715,0.0,-5.0,24.55335090945418,0.11903442429778044,0.0,4.715,0.0,-5.0,24.370013182090638
HCI,HCI,23.429292920462533,1.0734372917765143,0.0,3.8468,0.0,-5.0,24.339057227283377,1.0734372917765143,0.0,3.8468,0.0,-5.0,23.429292920462533
BASE,BASE,23.13289158232301,0.5004827341862623,0.0,4.4262,0.0,-5.0,24.193855443097345,0.5004827341862623,0.0,4.4262,0.0,-5.0,23.13289158232301
NEM,NEM,25.11793120838047,1.4554812613852384,0.0,5.155399999999999,-5.0,-5.0,24.143908277840623,1.4554812613852384,0.0,5.155399999999999,-5.0,-5.0,25.11793120838047
HSHP,HSHP,24.467476825323807,1.374992116891185,0.0,3.3064,0.0,-5.0,24.036635767098407,1.374992116891185,0.0,3.3064,0.0,-5.0,24.467476825323807
GOOG,GOOG,24.890263492774075,0.8377582969445732,0.0,5.7562,-5.0,-5.0,23.95035132369876,0.8377582969445732,0.0,5.7562,-5.0,-5.0,24.890263492774075
EBC,EBC,23.143117397407046,0.4972936934414318,0.0,4.3488,0.0,-5.0,23.897489863209397,0.4972936934414318,0.0,4.3488,0.0,-5.0,23.143117397407046
ONEX.TO,ONEX.TO,23.070194719591548,-0.12041123157505151,0.0,4.9748,0.0,-5.0,23.88692629278873,-0.12041123157505151,0.0,4.9748,0.0,-5.0,23.070194719591548
INSW,INSW,24.557483994204926,0.12056817660036666,0.0,4.492,0.0,-5.0,23.829978658939904,0.12056817660036666,0.0,4.492,0.0,-5.0,24.557483994204926
QUBT,QUBT,23.617834936403135,1.3461886854914311,0.0,3.3768000000000002,0.0,-5.0,23.707113248537517,1.3461886854914311,0.0,3.3768000000000002,0.0,-5.0,23.617834936403135
CPNG,CPNG,22.807545505766413,-0.3272637702569835,0.0,5.143400000000001,0.0,-5.0,23.59339400768855,-0.3272637702569835,0.0,5.143400000000001,0.0,-5.0,22.807545505766413
TH,TH,22.736480469760366,-0.5205468251915438,0.0,5.341799999999999,0.0,-5.0,23.571973959680488,-0.5205468251915438,0.0,5.341799999999999,0.0,-5.0,22.736480469760366
DXPE,DXPE,22.67413620631885,-0.539324707287598,0.0,5.3248,0.0,-5.0,23.402181608425135,-0.539324707287598,0.0,5.3248,0.0,-5.0,22.67413620631885
AZO,AZO,23.076318580708076,-0.42450035185613666,0.0,5.0748,0.0,-5.0,23.125091440944104,-0.42450035185613666,0.0,5.0748,0.0,-5.0,23.076318580708076
BVNRY,BVNRY,22.626748961505292,-0.3463970363925747,0.0,5.0458,0.0,-5.0,23.052331948673725,-0.3463970363925747,0.0,5.0458,0.0,-5.0,22.626748961505292
AEM.TO,AEM.TO,23.252024224636187,0.7977319059578292,0.0,5.7816,-5.0,-5.0,22.959365632848254,0.7977319059578292,0.0,5.7816,-5.0,-5.0,23.252024224636187
GOOGL,GOOGL,24.222932863406584,0.8803069944699095,0.0,5.5434,-5.0,-5.0,22.93057715120878,0.8803069944699095,0.0,5.5434,-5.0,-5.0,24.222932863406584
CAT,CAT,22.191473804533736,-0.413367227015367,0.0,5.138999999999999,0.0,-5.0,22.901965072711647,-0.413367227015367,0.0,5.138999999999999,0.0,-5.0,22.191473804533736
NRG,NRG,22.380825481569286,-0.19480688628433548,0.0,4.8238,0.0,-5.0,22.64776730875905,-0.19480688628433548,0.0,4.8238,0.0,-5.0,22.380825481569286
KMTS,KMTS,22.863326221552718,3.571936121204362,0.0,0.9622000000000003,0.0,-5.0,22.567768295403624,3.571936121204362,0.0,0.9622000000000003,0.0,-5.0,22.863326221552718
ITT,ITT,22.570458868060612,0.8574995795424738,0.0,3.7158,0.0,-5.0,22.547278490747484,0.8574995795424738,0.0,3.7158,0.0,-5.0,22.570458868060612
INDV.L,INDV.L,28.852289667251902,2.740852503822609,0.0,0.8732,0.0,-5.0,22.539719556335868,2.740852503822609,0.0,0.8732,0.0,-5.0,28.852289667251902
SVM.TO,SVM.TO,23.208844064328893,0.2783810162445995,0.0,4.1944,0.0,-5.0,22.53512541910519,0.2783810162445995,0.0,4.1944,0.0,-5.0,23.208844064328893
SSSS,SSSS,22.50710567688801,0.263205597843913,0.0,4.251,0.0,-5.0,22.28947423585068,0.263205597843913,0.0,4.251,0.0,-5.0,22.50710567688801
SWIM,SWIM,21.374941763368003,-0.7705991337918984,0.0,5.325,0.0,-5.0,21.79325568449067,-0.7705991337918984,0.0,5.325,0.0,-5.0,21.374941763368003
ORLY,ORLY,21.331769298624486,-0.07919290440645299,0.0,4.6186,0.0,-5.0,21.71235906483265,-0.07919290440645299,0.0,4.6186,0.0,-5.0,21.331769298624486
RL,RL,21.19573027183989,-0.6921214685785626,0.0,5.235,0.0,-5.0,21.647640362453185,-0.6921214685785626,0.0,5.235,0.0,-5.0,21.19573027183989
MLI,MLI,22.308210434389675,0.5198618025426645,0.0,3.8526,0.0,-5.0,21.644280579186237,0.5198618025426645,0.0,3.8526,0.0,-5.0,22.308210434389675
CBNA,CBNA,21.806141677137227,-0.10634581797846829,0.0,6.5448,-5.0,-5.0,21.604855569516303,-0.10634581797846829,0.0,6.5448,-5.0,-5.0,21.806141677137227
R,R,21.16187101118534,0.5772214117963863,0.0,3.861,0.0,-5.0,21.235828014913785,0.5772214117963863,0.0,3.861,0.0,-5.0,21.16187101118534
SCCO,SCCO,20.896778383558537,0.39056132237379915,0.0,4.065799999999999,0.0,-5.0,21.15237117807805,0.39056132237379915,0.0,4.065799999999999,0.0,-5.0,20.896778383558537
NTNX,NTNX,20.856178314073247,-0.3805764695216253,0.0,4.7398,0.0,-5.0,20.76490441876433,-0.3805764695216253,0.0,4.7398,0.0,-5.0,20.856178314073247
WPM.TO,WPM.TO,21.841540302032833,0.252335172476513,0.0,5.914199999999999,-5.0,-5.0,20.60538706937711,0.252335172476513,0.0,5.914199999999999,-5.0,-5.0,21.841540302032833
DBSDY,DBSDY,20.566679056231244,0.6786046336469829,0.0,3.6698000000000004,0.0,-5.0,20.558905408308327,0.6786046336469829,0.0,3.6698000000000004,0.0,-5.0,20.566679056231244
GSL,GSL,20.506659496782827,0.058521294584447575,0.0,4.2928,0.0,-5.0,20.535545995710436,0.058521294584447575,0.0,4.2928,0.0,-5.0,20.506659496782827
PSMT,PSMT,20.158732184854614,0.6067646343831593,0.0,3.6952,0.0,-5.0,20.151642913139483,0.6067646343831593,0.0,3.6952,0.0,-5.0,20.158732184854614
JBGS,JBGS,20.56930549297645,0.9454271477793433,0.0,5.1724,-5.0,-5.0,19.695740657301936,0.9454271477793433,0.0,5.1724,-5.0,-5.0,20.56930549297645
FM.TO,FM.TO,20.140124942141213,0.3032063374509125,0.0,3.6972000000000005,0.0,-5.0,19.010166589521617,0.3032063374509125,0.0,3.6972000000000005,0.0,-5.0,20.140124942141213
BMO.TO,BMO.TO,20.193575356690346,-0.39697834022799283,0.0,6.0758,-5.0,-5.0,17.834767142253796,-0.39697834022799283,0.0,6.0758,-5.0,-5.0,20.193575356690346
PFSI,PFSI,18.872892176598835,0.4654701565153183,0.0,5.3708,-5.0,-5.0,17.67052290213178,0.4654701565153183,0.0,5.3708,-5.0,-5.0,18.872892176598835
RFIL,RFIL,17.273428501527768,1.237499759040562,0.0,1.8337999999999999,0.0,-5.0,13.887904668703687,1.237499759040562,0.0,1.8337999999999999,0.0,-5.0,17.273428501527768
GLW,GLW,15.278374811722824,1.8547110728579708,0.0,3.3427999999999995,-5.0,-5.0,13.221166415630432,1.8547110728579708,0.0,3.3427999999999995,-5.0,-5.0,15.278374811722824
BNS.TO,BNS.TO,15.11305881085034,-0.43087694001770893,0.0,5.2268,-5.0,-5.0,11.620745081133787,-0.43087694001770893,0.0,5.2268,-5.0,-5.0,15.11305881085034
CVO.TO,CVO.TO,8.677711124378241,1.3892682919371664,0.0,0.3916000000000002,0.0,-5.0,4.136948165837656,1.3892682919371664,0.0,0.3916000000000002,0.0,-5.0,8.677711124378241
RNA,RNA,2.818118786225698,0.9517034994236334,0.0,-0.3017999999999995,0.0,-5.0,-3.452508285032402,0.9517034994236334,0.0,-0.3017999999999995,0.0,-5.0,2.818118786225698
RDIB,RDIB,2.178343375915656,1.8810951620907999,0.0,-1.5514,0.0,-5.0,-5.018875498779125,1.8810951620907999,0.0,-1.5514,0.0,-5.0,2.178343375915656
