ticker,company,final_score,enhancer_bonus,tier,avg_dollar_vol_20d,price,vsSMA50,vsSMA200,RSI14,ATR%,r60,vol_vs20,drawdown%,tags,base_score,enhancer_reason,enhancer_phase,trend,momo,struct,risk_pen,fva_hint,pe_score,accel_z,probe_ok,probe_lvl,market_cap,pe_ratio,pe_hint,val_PE,val_PS,val_EV_EBITDA,val_EV_REV,val_PEG,val_FCF_YIELD,market_trend,relative_strength,breadth_volume,valuation_history,risk_volatility,risk_drawdown,expected_volatility_pct,suggested_bonuses,data_rows,alias_used,yf_symbol,history_ok
KRYS,Krystal Biotech,97.55305542387296,30.0,large,87588816.47,274.81,16.86,57.05,62,4.24,47.39,45.08,-5.86,RS_trend_protect,67.55305542387296,Early breakout setup; Continuation (not extended); Positive MACD with shallow DD,Early,68.99454875624164,58.71354302694104,17.0,-4.74220382845981,203.67,0.0,-0.10830078603146309,False,0,,,41.13922,41.13922,21.354708,45.388,19.421,,0.9562015763990918,1,+5,+3,-5,3,3,4.24,DIP_5_12,,,,
PRAX,Praxis Precision Medicines,91.12463039747762,5.0,large,203318061.18,324.08,34.13,211.39,58,5.46,82.06,-8.03,0.0,RS_trend_protect;breakout_protect,86.12463039747762,Positive MACD with shallow DD,Early,99.14661073426878,72.07581884286778,9.0,-5.592379695077788,181.49,0.0,0.0,False,0,,,,,1204.5585,,1050.195,,-1.4836527981896646,1,+5,0,-5,3,1,5.46,NONE,,,,
GMIN.TO,G Mining Ventures,86.80539877826611,5.0,large,51972340.09,47.81,32.31,90.99,66,4.77,76.29,-18.24,0.0,RS_trend_protect;breakout_protect,81.80539877826611,Positive MACD with shallow DD,Early,97.0840414581002,63.92065203519937,3.0,-4.010928059994315,29.84,0.0,0.0,False,0,,,30.452229,30.452229,22.147736,30.23,22.199,,-0.8741273904641679,1,+5,-2,-5,3,1,4.77,NONE,,,,
TER,Teradyne,86.29171129957638,17.0,large,599351430.27,223.98,15.01,76.3,68,3.4,54.54,-1.82,-2.7,RS_trend_protect,69.29171129957638,Early breakout setup; Continuation (not extended); Positive MACD with shallow DD; Mid extension penalty -13.0,Mid,72.0365442647605,61.426219429004675,11.0,-5.180331109385281,157.47,0.0,-0.4654693365321829,False,0,,,81.44727,81.44727,12.459662,54.854,12.256,1.8908,0.9046209474743914,1,+5,0,-5,2,2,3.4,NONE,,,,
PMET.TO,PMET Resources,86.2418460799268,25.0,small,1484465.48,6.1,20.85,69.18,64,4.7,64.42,7.09,-10.29,RS_trend_protect;stall_risk,61.241846079926795,Early breakout setup; Continuation (not extended),Early,70.46624241219376,62.81596834610673,3.0,-6.5053718546440304,4.27,0.0,1.0,False,0,,,,,,,,,-10.297497986277593,1,+5,0,-5,3,5,4.7,DIP_5_12,,,,
DC,Dakota Gold,84.12862344164124,30.0,small,8165317.97,6.36,21.52,52.08,66,4.7,51.07,82.57,0.0,RS_trend_protect;breakout_protect,54.12862344164124,Early breakout setup; Continuation (not extended); Positive MACD with shallow DD,Early,61.455377713386234,52.67272762408501,3.0,-7.6821617844943955,4.77,0.0,0.10746819343720637,False,0,,,,,,,,,-2.5645719960186297,1,+5,+4,-5,3,1,4.7,BREAKOUT_VOL_CONF,,,,
ABRA.TO,AbraSilver Resource,82.96946666016495,5.0,small,7179442.97,12.99,33.64,107.39,64,4.92,107.84,3.95,0.0,RS_trend_protect;breakout_protect,77.96946666016495,Positive MACD with shallow DD,Early,97.79230853722437,77.91640796206656,3.0,-4.354721893708114,8.03,0.0,0.0,False,0,,,,,,,,,-1.6843185396634004,1,+5,0,-5,3,1,4.92,NONE,,,,
ISSC,Innovative Solutions and Support,82.82774642954419,0.0,large,16220215.88,21.41,56.49,77.53,60,6.24,106.06,-42.34,-3.99,RS_trend_protect;stall_risk,82.82774642954419,Blocked: extended risk_pen,Neutral,95.36603413241902,69.84828384409178,5.0,-11.380107630389542,13.54,0.0,1.0,False,0,,,24.329546,24.329546,4.508801,16.867,4.763,,1.0773191835879703,1,+5,-3,-5,4,2,6.0,NONE,,,,
KLAC,KLA,81.1355850937411,17.0,large,1446179517.57,1486.18,18.8,51.18,68,3.03,28.44,78.0,-5.21,RS_trend_protect,64.1355850937411,Early breakout setup; Continuation (not extended); Positive MACD with shallow DD; Mid extension penalty -13.0,Mid,67.88269936163843,52.048233030778306,11.0,-4.79203718087374,1081.62,0.0,-0.3083653378898499,False,0,,,46.73522,46.73522,15.626155,34.954,15.704,2.8084,1.408926093105719,1,+5,+4,-5,2,3,3.03,DIP_5_12,,,,
SATS,EchoStar,79.30287875341122,0.0,large,679197180.0,122.0,29.61,124.72,64,4.72,67.05,14.12,-6.93,RS_trend_protect;stall_risk,79.30287875341122,,Early,89.91954103861411,67.27549531920546,3.0,-4.695130530840952,75.84,0.0,-0.16275467845762637,False,0,,,,,2.3142536,47.853,4.124,1.4273,3.1602052833531653,1,+5,+2,-5,3,4,4.72,DIP_5_12,,,,
CMTL,Comtech Telecommunications,79.19158053333332,0.0,small,2873426.71,5.68,42.41,113.71,59,7.78,81.47,-27.3,-5.02,RS_trend_protect;stall_risk,79.19158053333332,Blocked: extended risk_pen,Neutral,97.89333333333333,85.0,5.0,-14.532,3.36,0.0,0.0,False,0,,,,,0.34015453,16.697,1.165,,30.15154688514291,1,+5,-3,-5,4,3,6.0,DIP_5_12,,,,
GTWO.TO,G2 Goldfields,78.51460140710617,10.0,small,2911365.99,6.78,24.12,76.7,58,4.22,62.2,7.61,-2.45,RS_trend_protect;stall_risk,68.51460140710617,Continuation (not extended),Early,81.65477431211323,66.96483612065602,9.0,-3.9913096210454246,4.61,0.0,-0.303879794223868,False,0,,,11.363439,11.363439,1799.2814,,1738.465,,-1.5912386515784744,1,+5,0,-5,3,2,4.22,NONE,,,,
FLNC,Fluence Energy,78.35110432611177,0.0,large,114442580.38,25.51,23.23,121.22,67,7.55,59.14,53.11,-5.8,RS_trend_protect,78.35110432611177,Blocked: extended risk_pen,Neutral,89.72189131430832,66.01149519234966,3.0,-15.590868612944266,16.02,0.0,-0.3929195579856619,False,0,,,104.07572,104.07572,2.0615685,,1.407,,-0.30887331267662843,1,+5,+4,-5,4,3,6.0,DIP_5_12,,,,
FOLD,Amicus Therapeutics,78.01979531157464,10.0,large,298534513.25,14.31,23.35,74.51,59,0.33,68.35,-80.36,-0.49,RS_trend_protect;low_liquidity_today;stall_risk,68.01979531157464,Continuation (not extended),Early,75.38003786023673,53.06744358017056,9.0,-4.312,10.62,0.0,-0.12492732783987082,False,0,,,22.105507,22.105507,7.39282,109.072,7.673,,0.8676663601125215,1,+5,-4,-5,1,1,1.0,NONE,,,,
TRT,Trio-Tech International,77.41132452423578,0.0,small,1038086.72,6.95,34.01,103.41,50,8.35,92.52,-38.07,-7.21,RS_trend_protect,77.41132452423578,Blocked: extended risk_pen,Neutral,95.42267958842649,81.10397865521834,9.0,-15.3095664,4.82,0.0,0.0,False,0,,,231.66667,231.66667,1.4334103,17.588,1.073,,5.3722578210152045,1,+5,-3,-5,4,4,6.0,DIP_5_12,,,,
TENX,Tenax Therapeutics,77.39310328729101,0.0,small,5196355.32,16.42,52.45,124.09,67,9.51,124.01,-24.86,-10.13,RS_trend_protect;stall_risk,77.39310328729101,Blocked: extended risk_pen,Neutral,99.77333333333334,78.07148393285651,1.0,-14.5,10.31,0.0,0.0,False,0,,,,,,,,,-11.809806453999231,1,+5,-2,-5,5,5,6.0,DIP_5_12,,,,
FEIM,Frequency Electronics,77.22897507922812,0.0,large,14096685.68,56.18,34.76,89.43,50,6.48,41.3,12.19,-6.82,RS_trend_protect,77.22897507922812,Blocked: extended risk_pen,Neutral,90.77916430544431,59.08566387667081,9.0,-16.22190381988451,35.95,0.0,-0.9120272003093228,False,0,,,25.770641,25.770641,7.863887,,,,-1.6344421233351132,1,+5,+2,-5,4,4,6.0,DIP_5_12,,,,
HUT,Hut 8 Mining,77.13677952807546,0.0,large,340863895.6,58.29,26.05,92.82,67,7.19,43.43,-14.7,-5.19,RS_trend_protect,77.13677952807546,Blocked: extended risk_pen,Neutral,87.13581086804822,66.48840253679121,3.0,-17.557468577243597,37.55,0.0,-0.8500485412202312,False,0,,,30.04639,30.04639,35.315872,13.696,38.505,,2.218346337290009,1,+5,-2,-5,4,3,6.0,DIP_5_12,,,,
ELO.TO,Eloro Resources,77.11352071762472,0.0,small,1080332.98,3.07,41.27,110.07,56,7.4,117.73,-22.99,-3.76,RS_trend_protect;stall_risk,77.11352071762472,Blocked: extended risk_pen,Neutral,97.51745180110164,78.39059784056586,9.0,-18.70111504444292,1.86,0.0,0.0,False,0,,,,,,,,,-2.2238440327521274,1,+5,-2,-5,4,2,6.0,NONE,,,,
VSCO,Victoria's Secret & Co,76.96705404979949,0.0,large,122935323.59,62.19,27.33,111.5,63,4.71,89.95,-7.07,-5.63,RS_trend_protect;stall_risk,76.96705404979949,,Early,87.4248852701177,63.96178132060908,3.0,-4.569410526508796,37.77,0.0,0.0,False,0,,,29.197182,29.197182,0.7812089,13.5,1.246,,2.8896669647224424,1,+5,0,-5,3,3,4.71,DIP_5_12,,,,
AA,Alcoa,74.35713573747786,0.0,large,493241177.72,62.12,28.61,78.77,65,4.08,55.18,6.52,-5.41,RS_trend_protect;stall_risk,74.35713573747786,,Early,83.31306732255788,62.54596868986505,3.0,-6.739189786413349,41.72,0.0,-0.4289587337025229,False,0,,,13.652746,13.652746,1.2501434,8.449,1.342,,6.4719027473915975,1,+5,0,-5,3,3,4.08,DIP_5_12,,,,
VNDA,Vanda Pharmaceuticals,74.16613848928606,15.0,large,22426693.91,7.71,24.19,53.7,54,6.36,40.44,-60.6,-12.59,RS_trend_protect;low_liquidity_today,59.166138489286055,Early breakout setup,Early,63.089078443577755,45.26607568300486,9.0,-7.655142697360581,5.99,0.0,-0.03326906134214802,False,0,,,38.55,38.55,2.1484718,,0.815,,-11.44635934935996,1,+5,-4,-5,4,5,6.0,NONE,,,,
RIO.TO,Rio2,73.75918505951519,0.0,small,4550727.19,3.55,26.94,94.33,62,4.79,81.12,-29.3,-1.39,RS_trend_protect;stall_risk,73.75918505951519,Blocked: extended risk_pen,Neutral,88.90518039481101,75.5412847265091,9.0,-8.092767237822823,2.34,0.0,0.0,False,0,,,118.333336,118.333336,,,,,-3.4564301285970362,1,+5,-3,-5,3,1,4.79,NONE,,,,
SQM,Sociedad Quimica y Minera de Chile,73.18343090053817,-1.0,large,106288119.27,80.15,22.16,75.2,69,2.98,80.03,21.35,-3.64,RS_trend_protect,74.18343090053817,Continuation (not extended); Positive MACD with shallow DD; Mid extension penalty -16.0,Mid,78.74470050168209,68.21569312428747,3.0,-0.7524520329433158,55.73,0.0,0.0,False,0,,,20.806995,20.806995,5.292021,19.576,5.842,,-0.07508177154451057,1,+5,+2,-5,2,2,2.98,NONE,,,,
LQDA,Liquidia,73.127243684837,0.0,large,78691662.02,39.36,20.35,74.05,63,8.08,78.75,0.49,-1.58,RS_trend_protect,73.127243684837,Blocked: extended risk_pen,Neutral,79.80855698834046,64.58474300202053,3.0,-10.5,27.24,0.0,0.10913155494093707,False,0,,,14.610245,14.610245,49.470383,,50.073,,-2.617330878980349,1,+5,0,-5,4,1,6.0,NONE,,,,
DAWN,Day One Biopharmaceuticals,73.09803753748014,0.0,large,31282551.11,12.11,31.37,60.91,66,6.73,64.54,169.9,-8.33,RS_trend_protect;breakout_protect,73.09803753748014,Blocked: extended risk_pen,Neutral,78.9154695095958,66.33463479445383,3.0,-14.503167487187952,8.72,0.0,0.45080929844346795,False,0,,,,,9.301876,,5.945,,-4.824592613905713,1,+5,+4,-5,4,4,6.0,"DIP_5_12,BREAKOUT_VOL_CONF",,,,
WDC,Western Digital,70.39377694041377,-16.0,large,2025184123.14,222.97,26.35,119.98,68,6.17,77.5,-21.68,0.0,RS_trend_protect;breakout_protect;stall_risk,86.39377694041377,Blocked: extended risk_pen; Mid extension penalty -16.0,Mid,99.91441193765553,74.41017512698673,3.0,-11.219670507989768,134.22,0.0,0.0,False,0,,,31.448519,31.448519,7.5482044,,,0.9313,5.441194616094055,1,+5,-2,-5,4,1,6.0,NONE,,,,
ERO.TO,ERO Copper,69.1737479660205,0.0,large,21125265.7,42.86,19.38,69.83,62,4.53,47.29,-19.27,-0.42,RS_trend_protect;stall_risk,69.1737479660205,Blocked: extended risk_pen,Neutral,70.56448878201851,62.07447846076772,17.0,-11.576857926052238,30.19,0.0,-0.7377304078475109,False,0,,,23.167568,23.167568,7.569733,19.614,8.553,,-1.0951832399823795,1,+5,-2,-5,3,1,4.53,NONE,,,,
APM.TO,Andean Precious Metals,67.96677824846657,0.0,small,4876589.15,11.49,28.54,109.84,63,5.86,60.03,10.35,0.0,RS_trend_protect;breakout_protect,67.96677824846657,Blocked: extended risk_pen,Neutral,92.10080675234728,54.631726897179306,3.0,-9.048789166826566,7.46,0.0,-0.36702237179350616,False,0,,,16.183098,16.183098,5.7107935,15.751,5.481,,1.3208353280269796,1,+5,+2,-5,3,1,5.86,NONE,,,,
IMNM,Immunome,67.95840025818961,0.0,large,58608323.74,23.88,21.35,90.46,62,5.74,48.69,-17.43,0.0,RS_trend_protect;breakout_protect,67.95840025818961,Blocked: extended risk_pen,Neutral,85.07893189719323,48.479695263576005,9.0,-14.23412818467688,16.56,0.0,-0.6969932610283893,False,0,,,,,272.21884,,198.514,,-4.84848731982979,1,+5,-2,-5,3,1,5.74,NONE,,,,
AII.TO,Almonty Industries,67.00795257591575,0.0,large,12139893.18,13.05,21.98,79.45,58,5.3,33.57,14.42,-6.72,RS_trend_protect;stall_risk,67.00795257591575,Blocked: extended risk_pen,Neutral,80.32444352880232,52.76106984902646,9.0,-13.885555966603135,9.09,0.0,-1.0,False,0,,,40.49651,40.49651,111.29443,,103.275,,-1.9676115228450313,1,+5,+2,-5,3,4,5.3,DIP_5_12,,,,
NUAG.TO,New Pacific Metals,66.92357393544287,0.0,small,1150757.2,5.27,21.75,83.37,62,5.62,68.91,-17.16,-1.68,RS_trend_protect;stall_risk,66.92357393544287,Blocked: extended risk_pen,Neutral,81.70795427713674,64.06556255533161,9.0,-10.263307117705843,3.86,0.0,-0.10863246911222224,False,0,,,,,,,,,-0.45645715120788966,1,+5,-2,-5,3,1,5.62,NONE,,,,
VSAT,Viasat,66.40662859102915,0.0,large,78543614.17,41.92,15.24,71.42,62,6.41,12.24,23.05,-8.75,,66.40662859102915,Blocked: extended risk_pen,Neutral,70.74585387163944,54.02427151126611,17.0,-16.60769858770963,28.16,0.0,-1.0,False,0,,,154.40147,154.40147,1.237294,8.173,2.524,,11.229046567877866,1,+4,+2,-5,4,4,6.0,DIP_5_12,,,,
OESX,Orion Energy Systems,65.19559095544008,0.0,small,999423.27,18.14,15.74,93.95,60,8.64,95.26,64.81,-1.73,RS_trend_protect;breakout_protect,65.19559095544008,Blocked: extended risk_pen,Neutral,79.52801029856953,61.011777516582626,17.0,-18.44126919575859,13.74,0.0,0.0,False,0,,,53.35294,53.35294,0.8011555,,0.901,,6.700626604411118,1,+5,+4,-5,4,1,6.0,BREAKOUT_VOL_CONF,,,,
MAZE,Maze Therapeutics,64.6167862159462,0.0,large,17040970.56,44.34,15.69,102.06,61,5.76,48.29,42.15,0.0,RS_trend_protect;breakout_protect,64.6167862159462,Blocked: extended risk_pen,Neutral,79.03928111129953,51.122091017598464,17.0,-16.078609387776304,30.85,0.0,-0.7086324458338527,False,0,,,,,,,,,-3.2006578457959614,1,+5,+3,-5,3,1,5.76,BREAKOUT_VOL_CONF,,,,
NRXS,Neuraxis,64.25502474855264,0.0,small,4462488.84,4.65,40.17,68.73,62,6.42,21.73,-86.1,-9.71,RS_trend_protect;low_liquidity_today;stall_risk,64.25502474855264,Blocked: extended risk_pen,Neutral,86.45331003938576,57.90748242892857,1.4959349593495919,-25.8626602308461,3.5,0.0,-0.831622438509428,False,0,,,,,14.732558,,13.58,,-8.687346241820222,1,+5,-4,-5,4,5,6.0,DIP_5_12,,,,
AYA.TO,Aya Gold & Silver,64.19859044184138,-14.0,large,44245141.73,24.91,32.5,71.61,69,5.23,67.86,62.54,0.0,RS_trend_protect;breakout_protect,78.19859044184138,Positive MACD with shallow DD; Mid extension penalty -19.0,Mid,87.38952426676751,68.149714771493,3.0,-7.889439153376649,16.77,0.0,0.18498997895193936,False,0,,,23.648947,23.648947,25.96782,110.519,25.849,,-0.8968977882142383,1,+5,+4,-5,3,1,5.23,BREAKOUT_VOL_CONF,,,,
GH,Guardant Health,64.08864278214311,5.0,large,212653666.93,114.87,11.21,74.09,73,4.57,65.64,3.91,0.0,RS_trend_protect;breakout_protect,59.08864278214311,Positive MACD with shallow DD,Early,65.19289103447994,55.83120823082278,11.0,-3.5525362817092523,82.5,0.0,-0.20378280489688416,False,0,,,,,16.529123,,16.868,,-0.16339504181784648,1,+5,0,-5,3,1,4.57,NONE,,,,
DBI,Designer Brands,63.0301138714424,0.0,small,7544250.0,7.5,22.7,90.84,46,7.28,104.88,-15.26,-12.79,RS_trend_protect,63.0301138714424,Blocked: extended risk_pen,Neutral,79.2301143786637,54.45648554383108,9.0,-9.763744877471877,5.08,0.0,0.0,False,0,,,17.65329,17.65329,0.1286952,18.025,0.563,,25.669392482493812,1,+5,-2,-5,4,5,6.0,NONE,,,,
AEIS,Advanced Energy Industries,62.758726469860086,0.0,large,104001207.24,250.95,15.75,56.49,67,3.94,26.54,-18.1,-2.46,RS_trend_protect,62.758726469860086,Blocked: extended risk_pen,Neutral,68.27829578357253,47.84427403708722,11.0,-9.475796354123705,186.07,0.0,-0.6183597087006204,False,0,,,65.35156,65.35156,5.491651,41.169,5.448,,1.5722458778029722,1,+5,-2,-5,2,2,3.94,NONE,,,,
LSRCY,Lasertec,62.74570860594698,5.0,small,7812195.99,44.39,14.77,65.43,72,3.14,59.28,42.05,-4.25,RS_trend_protect,57.74570860594698,Positive MACD with shallow DD,Early,62.63306455073045,58.195019467224654,11.0,-4.845564198738458,33.64,0.0,-0.3888458433037498,False,0,,,37.302517,37.302517,0.07540892,-0.4665788442776194,-0.24041099980046335,,364.6554040051273,1,+5,+3,-5,2,3,3.14,NONE,,,,
UPB,Upstream Bio,62.02569823818862,0.0,large,19255960.0,31.0,12.21,77.11,59,6.02,46.71,24.62,-4.91,RS_trend_protect,62.02569823818862,Blocked: extended risk_pen,Neutral,68.73468618583703,52.68802839172305,17.0,-14.96735559996225,22.46,0.0,-0.6087276877263039,False,0,,,,,598.49817,,465.948,,-5.193659631134263,1,+5,+2,-5,4,3,6.0,NONE,,,,
KYTX,Kyverna Therapeutics,60.97852456002427,0.0,large,10690684.94,9.02,12.3,83.59,46,8.28,40.94,-14.51,-16.64,RS_trend_protect,60.97852456002427,Blocked: extended risk_pen,Neutral,69.74751155314146,54.468996313495595,17.0,-18.5,7.14,0.0,-0.9225024666342398,False,0,,,,,,,,,-17.786285923041195,1,+5,-2,-5,4,5,6.0,NONE,,,,
IE,Ivanhoe Electric,60.772734073453705,0.0,large,33606057.54,17.98,20.83,65.42,66,5.42,13.37,26.13,-0.88,,60.772734073453705,Blocked: extended risk_pen,Neutral,69.39059148285111,43.41570111283883,3.0,-14.493575880216301,13.15,0.0,-1.0,False,0,,,,,707.05756,,712.0,,-2.3264760228108123,1,+4,+3,-5,3,1,5.42,NONE,,,,
ANGPY,Valterra Platinum,60.70717851071109,0.0,small,7068836.25,15.75,22.78,69.96,61,2.71,52.76,-52.85,-3.53,RS_trend_protect;stall_risk,60.70717851071109,Blocked: extended risk_pen,Neutral,74.74788745589507,53.47935717761224,9.0,-10.341161934648522,10.87,0.0,-0.46768309673242614,False,0,,,315.0,315.0,0.2518013,0.553,0.092,,-2.962180097973983,1,+5,-4,-5,2,2,2.71,NONE,,,,
ASM.TO,Avino Silver & Gold Mines,59.71915908768501,0.0,small,6810448.38,9.71,21.41,66.06,61,5.48,42.17,54.69,-4.05,RS_trend_protect,59.71915908768501,Blocked: extended risk_pen,Neutral,72.30285301653156,56.046032198714926,9.0,-16.06759274932088,6.87,0.0,-0.7812746601086493,False,0,,,51.105263,51.105263,17.695906,42.527,17.082,,1.022407680622886,1,+5,+4,-5,3,3,5.48,NONE,,,,
TORO,Toro Corp,59.57911731794306,-8.0,small,566179.22,4.32,31.58,95.94,66,5.77,60.96,227.41,0.0,RS_trend_protect;breakout_protect;stall_risk,67.57911731794306,Blocked: extended risk_pen; Bearish divergence,Neutral,94.44837115658083,54.06641652680558,3.0,-19.489990851419638,3.05,0.0,-0.22655216916790843,False,0,,,,,6.1694064,,9.232,,-54.53795431436177,1,+5,+4,-5,3,1,5.77,BREAKOUT_VOL_CONF,,,,
FBRX,Forte Biosciences,59.01620455612708,-15.0,small,5599697.37,30.41,36.42,124.2,59,11.57,152.37,34.79,-8.92,RS_trend_protect,74.01620455612708,Blocked: extended risk_pen; Excessive r20/r60,Neutral,100.4707387899857,62.840443046145325,5.0,-11.92845172029346,19.07,0.0,0.0,False,0,,,,,,,,,-6.42617230639532,1,+5,+3,-5,5,4,6.0,DIP_5_12,,,,
AAOI,Applied Optoelectronics,58.72506509857915,0.0,large,190086311.67,39.26,29.75,58.53,55,8.53,25.03,-15.83,-4.24,RS_trend_protect;stall_risk,58.72506509857915,Blocked: extended risk_pen,Neutral,70.39576183473575,43.12238127447568,9.0,-17.3300409841422,27.61,0.0,-0.5818020492071101,False,0,,,46.406616,46.406616,6.356633,,6.589,,-12.199252322596843,1,+5,-2,-5,4,3,6.0,NONE,,,,
IMPUY,Impala Platinum,58.52034299933965,-14.0,small,6410606.99,18.71,32.98,79.72,69,2.49,59.78,-18.57,-1.21,RS_trend_protect,72.52034299933965,Positive MACD with shallow DD; Mid extension penalty -19.0,Mid,92.60894086970313,65.52177114433368,3.0,0.0,11.89,0.0,0.15189513631000007,False,0,,,374.19998,374.19998,0.19744198,1.457,0.163,,21.547489948402475,1,+5,-2,-5,2,1,2.49,NONE,,,,
TSEM.TA,Tower Semiconductor,57.53512666724565,0.0,large,9785302902.0,39960.0,9.13,80.72,56,4.71,54.35,-15.77,-2.11,RS_trend_protect;setup_protect,57.53512666724565,Blocked: extended risk_pen,Neutral,76.79789142881577,52.142292153706045,21.0,-9.519386447130486,28891.78,0.0,-0.5322987960310845,False,0,,,73.59116,73.59116,29.696941,92.904,28.914,,-0.06396448620429375,1,+5,-2,-5,3,2,4.71,NONE,,,,
LTRX,Lantronix,56.947964373963224,0.0,small,3861764.69,6.51,16.37,66.62,67,6.29,37.34,102.95,-6.06,RS_trend_protect,56.947964373963224,Blocked: extended risk_pen,Neutral,64.10502915297883,59.56597895078641,11.0,-20.351441423958573,4.87,0.0,-0.9062631147729495,False,0,,,19.288889,19.288889,2.1659977,,2.145,,4.944247261495761,1,+5,+4,-5,4,4,6.0,DIP_5_12,,,,
DSV.TO,Discovery Silver,56.72280175513461,-11.0,large,52946687.61,10.06,26.83,110.36,72,4.95,98.03,-25.29,-0.59,RS_trend_protect,67.72280175513461,Positive MACD with shallow DD; Mid extension penalty -16.0,Mid,64.76061280842859,70.27101387072231,3.0,-4.423480660450875,6.3,0.0,0.0,False,0,,,167.66667,167.66667,21.420519,39.029,20.52,,1.8822896599380183,1,+5,-3,-5,3,1,4.95,NONE,,,,
BWEN,Broadwind,56.00892897939294,0.0,small,964675.22,3.68,21.13,61.64,65,8.17,60.7,11.28,-8.0,RS_trend_protect,56.00892897939294,Blocked: extended risk_pen,Neutral,67.81111436921628,52.94632850341925,3.0,-15.922579143388557,2.73,0.0,1.0,False,0,,,16.0,16.0,0.5548564,17.199,0.754,,-3.082702152410106,1,+5,+2,-5,4,4,6.0,DIP_5_12,,,,
DBVT,DBV Technologies,55.55790032965369,0.0,small,8591638.95,20.89,25.82,75.97,56,5.79,40.58,76.42,-8.22,RS_trend_protect,55.55790032965369,Blocked: extended risk_pen,Neutral,85.52940888601468,33.47815909798211,9.0,-17.871066762070363,14.26,0.0,-0.9329777329591566,False,0,,,,,206.13765,,630.189,,-4.502259584967234,1,+5,+4,-5,3,4,5.79,DIP_5_12,,,,
SHIM,Shimmick,55.11682329541109,0.0,small,173266.27,3.44,24.26,51.21,57,6.65,47.54,-55.66,-8.13,RS_trend_protect;stall_risk,55.11682329541109,Blocked: extended risk_pen,Neutral,60.71573332439746,60.71621872508954,9.0,-23.802479425873926,2.57,0.0,-0.2470393488567637,False,0,,,43.0625,43.0625,0.24876675,,0.365,,-47.87905316467745,1,+5,-4,-5,4,4,6.0,DIP_5_12,,,,
EDV.L,Endeavour Mining,54.99415121362503,0.0,large,3386166869.6,4208.0,16.02,51.07,59,3.6,32.41,70.12,0.0,RS_trend_protect;breakout_protect,54.99415121362503,Blocked: weak trend; Blocked: extended risk_pen,Neutral,58.86376117411074,45.95599053751672,17.0,-11.830156270271171,3141.25,0.0,-0.6147677166933823,False,0,,,28.432434,28.432434,2.5963776,5.055,2.827,,10.766580315203065,1,+5,+4,-5,2,1,3.6,BREAKOUT_VOL_CONF,,,,
FLNT,Fluent,54.88936125424337,0.0,small,240566.85,3.03,33.13,38.79,62,9.17,40.93,-63.35,-6.48,RS_trend_protect;low_liquidity_today;stall_risk,54.88936125424337,Blocked: extended risk_pen,Neutral,62.02077359306077,62.95462912004572,1.0379746835443058,-26.79966575,2.33,0.0,0.5493188593152527,False,0,,,,,0.42286712,,0.527,,-1.372266769773671,1,+5,-4,-5,5,4,6.0,DIP_5_12,,,,
APGE,Apogee Therapeutics,54.73101129689461,0.0,large,80656806.5,82.04,12.7,69.01,70,4.56,52.43,-37.08,-0.47,RS_trend_protect;stall_risk,54.73101129689461,Blocked: extended risk_pen,Neutral,61.01126710976443,44.203320958188016,11.0,-14.292954354741159,60.33,0.0,-0.5881668830973081,False,0,,,,,,,,,-2.5571402064445405,1,+5,-3,-5,3,1,4.56,NONE,,,,
CPAC,Cementos Pacasmayo,54.56916499114985,0.0,small,353219.2,10.88,27.26,58.94,61,3.48,50.07,9.96,0.0,RS_trend_protect;breakout_protect;stall_risk,54.56916499114985,Blocked: extended risk_pen,Neutral,70.78657472380601,40.95676876866844,3.6263498920086388,-9.647767507008032,8.91,0.0,0.13611706208499208,False,0,,,14.7027025,14.7027025,0.44700363,10.602,2.834,,26.498694697784696,1,+5,0,-5,2,1,3.48,NONE,,,,
EB,Eventbrite,54.549530586817106,0.0,small,7088701.76,4.46,17.05,60.03,58,0.42,88.19,-56.96,-0.45,RS_trend_protect;stall_risk,54.549530586817106,Blocked: weak trend,Neutral,59.564943189005895,49.908441067572284,17.0,-6.648000000000001,3.49,0.0,0.588799673600136,False,0,,,,,1.4843028,,0.708,,-17.26497100675462,1,+5,-4,-5,1,1,1.0,NONE,,,,
ENS,EnerSys,54.46728335185007,0.0,large,62135308.12,168.45,14.59,53.72,79,2.66,39.3,45.42,0.0,RS_trend_protect;breakout_protect,54.46728335185007,Blocked: weak trend,Neutral,54.11711054102055,46.308119026596934,3.0,-5.073779935929595,127.42,0.0,-0.40553323862208934,False,0,,,19.771126,19.771126,1.6941714,11.738,1.891,0.8966,4.562179330911233,1,+5,+3,-5,2,1,2.66,BREAKOUT_VOL_CONF,,,,
TAYD,Taylor Devices,54.052529894888124,-14.0,small,2131235.0,73.0,30.21,61.46,68,4.48,71.28,26.39,-1.99,RS_trend_protect,68.05252989488812,Positive MACD with shallow DD; Mid extension penalty -19.0,Mid,79.74588914742863,71.16091700726042,3.0,-4.352211897180593,49.34,0.0,1.0,False,0,,,24.252491,24.252491,4.8308125,15.713,3.976,,4.297055539927045,1,+5,+3,-5,3,1,4.48,NONE,,,,
BLTE,Belite Bio,53.92428746571099,0.0,large,38698417.17,160.01,11.7,84.67,43,4.85,73.51,-44.22,-3.19,RS_trend_protect,53.92428746571099,Blocked: weak trend,Neutral,57.50302474442967,51.91074692226816,11.0,-4.194284771308341,127.92,0.0,0.0,False,0,,,,,,,,,1.7236030697143607,1,+5,-3,-5,3,2,4.85,NONE,,,,
SND,Smart Sand,53.87569561162967,0.0,small,1207046.37,3.84,12.12,66.48,48,5.59,74.88,-37.17,-14.67,RS_trend_protect,53.87569561162967,Blocked: weak trend; Blocked: extended risk_pen,Neutral,59.747174852396725,58.71685661596443,17.0,-9.855102500963081,3.06,0.0,0.2813998780589144,False,0,,,38.399998,38.399998,0.45474136,6.536,0.598,,7.700051858853301,1,+5,-3,-5,3,5,5.59,NONE,,,,
ARWR,Arrowhead Pharmaceuticals,53.87076964006097,0.0,large,170118371.22,65.28,10.96,110.62,42,5.81,74.78,-45.73,-7.82,RS_trend_protect,53.87076964006097,,Early,60.25089989935966,47.851825159588515,11.0,-6.394565307076652,44.83,0.0,0.0,False,0,,,,,10.97187,71.393,10.525,,1.0565640056244296,1,+5,-3,-5,3,4,5.81,DIP_5_12,,,,
OLMA,Olema Pharmaceuticals,53.85341228826212,0.0,large,40033906.97,26.72,9.77,152.37,54,6.06,230.28,-43.6,-25.43,RS_trend_protect,53.85341228826212,Early breakout setup; Excessive r20/r60,Early,70.47250623829731,51.5935193039721,17.0,-6.967555029932983,19.8,0.0,0.0,False,0,,,,,,,,,-3.333099170681744,1,+5,-3,-5,4,5,6.0,NONE,,,,
SIFY,Sify Technologies,53.12250096657715,0.0,small,1359540.77,14.32,19.51,62.85,60,8.75,9.65,-18.47,-17.46,,53.12250096657715,Blocked: extended risk_pen,Neutral,66.22567725806947,51.430665404704655,17.0,-21.70229615,10.57,0.0,-1.0,False,0,,,716.0,716.0,0.024348851,,,,-354.14059476037227,1,+3,-2,-5,4,5,6.0,NONE,,,,
ABX.TO,Barrick Mining,52.989919500816484,-8.0,large,314049497.28,69.12,16.93,73.37,80,2.67,52.6,9.11,-0.32,RS_trend_protect,60.989919500816484,Positive MACD with shallow DD; Mid extension penalty -13.0,Mid,64.05803554835528,51.22106148092195,3.0,-6.801214051634872,49.1,0.0,-0.5832202295549862,False,0,,,23.916956,23.916956,8.074383,15.43,8.565,,1.4694496443146372,1,+5,0,-5,2,1,2.67,NONE,,,,
PLAB,Photronics,52.92044106485961,0.0,large,39265559.03,34.44,19.72,51.61,54,5.38,43.86,-16.85,-13.18,RS_trend_protect,52.92044106485961,Blocked: weak trend,Neutral,55.012698072149384,44.728645297380226,17.0,-5.409022983763763,26.8,0.0,0.12515940204563147,False,0,,,15.105263,15.105263,2.3951495,6.564,2.209,,1.047458237685579,1,+5,-2,-5,3,5,5.38,NONE,,,,
CIEN,Ciena,52.639196902424544,0.0,large,560721605.81,241.21,10.96,84.49,51,6.78,39.77,17.78,-6.97,RS_trend_protect;pullback_protect,52.639196902424544,Blocked: extended risk_pen,Neutral,61.23331966629317,41.93988870056962,17.0,-17.19065504775015,171.09,0.0,-0.9565470821902198,False,0,,,287.1548,287.1548,7.1336718,76.019,7.19,1.1365,1.9611516879700444,1,+5,+2,-5,4,4,6.0,DIP_5_12,,,,
SANM,Sanmina,52.144645685695636,0.0,large,97806862.41,174.73,10.2,48.34,68,4.48,31.58,3.54,-1.7,RS_trend_protect;pullback_protect,52.144645685695636,Blocked: weak trend,Neutral,57.19965290206676,46.87475646642878,11.0,-3.3462599814809733,137.53,0.0,-0.012258973912753435,False,0,,,39.177128,39.177128,1.1729207,17.785,1.126,1.0256,4.790389590951976,1,+5,0,-5,3,1,4.48,NONE,,,,
CELC,Celcuity,52.00377123173534,0.0,large,78180936.3,105.39,6.57,116.17,54,5.31,49.34,17.1,-7.94,RS_trend_protect;setup_protect,52.00377123173534,Blocked: extended risk_pen,Neutral,66.84321214595622,50.98077600983663,21.0,-13.787273112221136,76.49,0.0,-0.6780795857195114,False,0,,,,,,,,,-1.8774578469938847,1,+5,+2,-5,3,4,5.31,DIP_5_12,,,,
AGX,Argan,51.80316104598188,5.0,large,114227768.61,384.34,14.16,54.39,71,4.88,39.19,56.26,-2.75,RS_trend_protect;breakout_protect,46.80316104598188,Positive MACD with shallow DD,Early,63.86958392095767,42.20977112453628,11.0,-6.771384639848103,278.75,0.0,0.0273809390029357,False,0,,,45.26973,45.26973,5.827247,37.761,5.036,,3.8909694342474315,1,+5,+4,-5,3,2,4.88,BREAKOUT_VOL_CONF,,,,
III.TO,Imperial Metals,51.61409744211869,-14.0,small,3246395.57,11.62,32.5,101.78,72,3.63,76.06,63.11,-3.09,RS_trend_protect,65.61409744211869,Positive MACD with shallow DD; Mid extension penalty -19.0,Mid,67.98627038348243,80.19890998425221,3.0,-4.250974556693569,7.53,0.0,0.0,False,0,,,10.563636,10.563636,3.1681383,6.155,3.403,,1.665273239561739,1,+5,+4,-5,2,2,3.63,NONE,,,,
BORR,Borr Drilling,51.424193855921686,0.0,large,18058906.43,4.23,12.01,58.25,58,4.25,37.34,-35.63,-6.21,RS_trend_protect;stall_risk,51.424193855921686,Blocked: weak trend; Blocked: extended risk_pen,Neutral,52.332530334769174,45.39822141210677,17.0,-14.837109436453149,3.23,0.0,-1.0,False,0,,,15.107142,15.107142,1.2670298,6.057,2.965,,-1.0361521289371747,1,+5,-3,-5,3,4,4.25,DIP_5_12,,,,
BELFB,Bel Fuse,51.387802036157524,-8.0,large,27963635.6,201.17,19.92,61.46,80,3.45,29.92,47.84,0.0,RS_trend_protect;breakout_protect,59.387802036157524,Positive MACD with shallow DD; Mid extension penalty -13.0,Mid,67.70624833019357,40.386342356984116,3.0,-3.070377668600352,144.54,0.0,-0.23846849339825793,False,0,,,40.805275,40.805275,3.9221117,21.517,4.342,1.9586,-0.20916887412833562,1,+5,+3,-5,2,1,3.45,BREAKOUT_VOL_CONF,,,,
ARDX,Ardelyx,51.193794325277636,-16.0,large,48604877.83,7.76,28.56,50.48,68,7.0,53.36,152.01,0.0,RS_trend_protect;breakout_protect,67.19379432527764,Blocked: extended risk_pen; Mid extension penalty -16.0,Mid,68.98033418366832,63.57123360290423,3.0,-15.121996387872787,5.6,0.0,0.07630233849324375,False,0,,,42.51589,42.51589,4.7346053,,4.718,,-0.5645045837605135,1,+5,+4,-5,4,1,6.0,BREAKOUT_VOL_CONF,,,,
AMKR,Amkor Technology,51.15680983912702,-21.0,large,191869617.77,49.05,19.72,78.27,68,5.91,53.69,13.85,-6.96,RS_trend_protect;stall_risk,72.15680983912702,Blocked: extended risk_pen; Mid extension penalty -13.0; Bearish divergence,Mid,75.15134568113575,66.11153650883998,11.0,-11.141751233950878,34.73,0.0,-0.4435384986587867,False,0,,,39.55645,39.55645,1.8800958,11.608,1.877,,2.595611049872043,1,+5,+2,-5,3,4,5.91,DIP_5_12,,,,
GLTO,Galecto,50.705809215963754,-15.0,small,1349196.34,27.92,20.25,213.74,46,10.93,236.85,-12.04,-18.2,RS_trend_protect,65.70580921596375,Blocked: extended risk_pen; Excessive r20/r60,Neutral,85.70971009226871,55.51299136545562,9.0,-13.754018299999998,18.43,0.0,0.0,False,0,,,,,,,,,-15.816908182242296,1,+5,-2,-5,5,5,6.0,NONE,,,,
DG,Dollar General,50.561367265388945,0.0,large,478107659.12,146.63,17.66,35.27,64,2.96,42.98,31.92,-3.36,RS_trend_protect;stall_risk,50.561367265388945,Blocked: weak trend,Neutral,43.83196340990772,46.98384686439608,11.0,-1.732097620390565,112.92,0.0,0.521474483471367,False,0,,,25.3247,25.3247,0.76633,15.104,1.129,1.7458,6.108832102986209,1,+5,+3,-5,2,2,2.96,NONE,,,,
PBYI,Puma Biotechnology,50.51354228210685,0.0,small,2548358.96,6.6,18.49,50.43,65,3.51,30.95,67.59,0.0,RS_trend_protect;breakout_protect,50.51354228210685,Blocked: weak trend; Blocked: extended risk_pen,Neutral,56.6739492343645,55.69922703494633,11.0,-12.201272718839245,4.95,0.0,-1.0,False,0,,,8.918919,8.918919,1.5688167,6.25,1.317,,9.530075460162957,1,+5,+4,-5,2,1,3.51,BREAKOUT_VOL_CONF,,,,
CNL.TO,Collective Mining,50.45789196277429,0.0,small,4304657.68,21.83,23.23,37.41,58,4.37,32.22,23.79,-1.04,RS_trend_protect;stall_risk,50.45789196277429,Blocked: weak trend,Neutral,52.92559571650471,49.916877445617665,9.0,-7.259813730555685,16.36,0.0,-0.4097245530236414,False,0,,,,,,,,,-0.9887119438478621,1,+5,+2,-5,3,1,4.37,NONE,,,,
OMER,Omeros,50.319007628771,0.0,large,56563533.96,12.26,13.2,94.87,25,10.05,60.26,-50.87,-28.64,RS_trend_protect,50.319007628771,Blocked: weak trend; Blocked: extended risk_pen,Neutral,59.38258132469754,60.38176011771674,11.0,-12.7065968106073,9.84,0.0,-0.360329840530365,False,0,,,25.19161,25.19161,,,,,-8.229966361772448,1,+5,-4,-5,5,5,6.0,NONE,,,,
RERE,ATRenew,50.272578789098205,0.0,small,9267853.91,5.86,16.29,52.17,60,4.81,44.69,-36.26,-7.57,RS_trend_protect;stall_risk,50.272578789098205,Blocked: weak trend; Blocked: extended risk_pen,Neutral,54.27190547984419,44.47687976316351,17.0,-9.481658620451334,4.48,0.0,-0.31655261024000025,False,0,,,34.47059,34.47059,0.06624112,-1.805110368362204,-0.050973717817592204,,44.80094855939024,1,+5,-3,-5,3,4,4.81,DIP_5_12,,,,
FIX,Comfort Systems USA,50.21666634559928,-8.0,large,870960341.25,1134.75,16.27,60.62,74,4.13,37.63,-29.05,0.0,RS_trend_protect;breakout_protect,58.21666634559928,Positive MACD with shallow DD; Mid extension penalty -13.0,Mid,65.06692081269142,47.19687549706928,11.0,-2.5440743694821086,809.87,0.0,-0.04776024904881193,False,0,,,48.082626,48.082626,4.8100214,31.542,4.743,,1.5537517918120773,1,+5,-3,-5,3,1,4.13,NONE,,,,
GRAL,GRAIL,49.887585635387744,0.0,large,77730602.18,101.31,7.8,78.26,62,6.92,22.58,51.33,-9.06,RS_trend_protect;pullback_protect,49.887585635387744,Blocked: extended risk_pen,Neutral,66.95126191692296,46.39368249142941,17.0,-19.199013631135806,72.09,0.0,-1.0,False,0,,,,,27.845818,,24.451,,-1.498526053662075,1,+5,+4,-5,4,5,6.0,DIP_5_12,,,,
BEAM,Beam Therapeutics,49.79185088725848,0.0,large,57480020.13,30.97,17.38,43.55,59,7.37,9.8,-13.61,-12.55,,49.79185088725848,Blocked: weak trend; Blocked: extended risk_pen,Neutral,49.242382647080106,36.422607305534655,17.0,-17.970021177700158,24.27,0.0,-0.7025928145920459,False,0,,,,,56.411404,,38.284,,-5.307288928857396,1,+3,-2,-5,4,5,6.0,NONE,,,,
CDZI,Cadiz,49.283525392421176,0.0,small,5471232.9,6.38,13.03,56.85,65,6.8,25.84,32.15,-7.8,RS_trend_protect,49.283525392421176,Blocked: weak trend; Blocked: extended risk_pen,Neutral,53.981701423485674,57.830396743899485,11.0,-17.95927067700883,5.05,0.0,-1.0,False,0,,,,,33.496807,,38.558,,-3.369085002160056,1,+5,+3,-5,4,4,6.0,DIP_5_12,,,,
ANRO,Alto Neuroscience,48.852858176537005,0.0,small,5196037.62,17.42,12.83,156.13,42,7.8,55.81,-26.14,-13.07,RS_trend_protect,48.852858176537005,Blocked: extended risk_pen,Neutral,68.87377235976952,33.48073936264912,11.0,-15.296315429822865,11.52,0.0,-0.4898157714911433,False,0,,,,,,,,,-6.765110483039708,1,+5,-3,-5,4,5,6.0,NONE,,,,
ONDS,Ondas,48.67366539640088,-22.0,large,1328141527.58,13.13,44.19,162.14,71,11.4,85.98,48.58,-6.28,RS_trend_protect,70.67366539640088,Blocked: extended risk_pen; Mid extension penalty -22.0,Mid,61.59709523809524,85.0,3.0,-12.62205556616835,8.1,0.0,0.0,False,0,,,,,214.73978,,178.005,,-0.2659633598899233,1,+5,+3,-5,5,4,6.0,DIP_5_12,,,,
EPRX.TO,Eupraxia Pharmaceuticals,48.5360810312898,-19.0,small,1146928.27,12.47,30.12,67.63,70,5.16,63.01,35.36,0.0,RS_trend_protect;breakout_protect,67.5360810312898,Blocked: extended risk_pen; Mid extension penalty -19.0,Mid,81.11713957337257,69.92962682129209,3.0,-10.627272027541093,8.61,0.0,0.664108599919724,False,0,,,,,,,,,-2.331443891332745,1,+5,+3,-5,3,1,5.16,BREAKOUT_VOL_CONF,,,,
RHLD,Resolute Holdings Management,48.4787256681862,-15.0,large,27536188.33,214.59,10.68,148.86,53,8.63,172.77,1.78,-5.2,RS_trend_protect,63.4787256681862,Blocked: extended risk_pen; Excessive r20/r60,Neutral,69.58910532846073,61.31567576956317,17.0,-10.5,140.03,0.0,0.0,False,0,,,,,4.1095543,13.237,4.292,,6.214732287026512,1,+5,0,-5,4,3,6.0,DIP_5_12,,,,
SDE.TO,Spartan Delta,48.282045257962494,0.0,small,5319056.54,8.44,13.47,66.2,79,3.68,41.61,0.84,0.0,RS_trend_protect;breakout_protect,48.282045257962494,Blocked: weak trend,Neutral,55.775280790384855,48.99947355581871,3.0,-1.5126928683407137,6.26,0.0,-0.18665860321927208,False,0,,,42.199997,42.199997,5.43213,10.306,5.842,,-3.726659127601616,1,+5,0,-5,2,1,3.68,NONE,,,,
ATI,ATI,48.17066777889763,0.0,large,158899905.23,123.28,13.75,44.81,65,2.87,37.67,28.96,-1.68,RS_trend_protect;stall_risk,48.17066777889763,Blocked: weak trend,Neutral,46.714127006679085,44.43725134858416,11.0,-1.517216736867021,92.11,0.0,0.5528429924257802,False,0,,,39.896442,39.896442,3.707603,23.816,4.015,,1.8892775229219578,1,+5,+3,-5,2,1,2.87,NONE,,,,
CAPR,Capricor Therapeutics,48.10072586085629,-15.0,large,32503263.02,24.2,25.7,115.65,24,7.16,294.78,55.35,-19.44,RS_trend_protect,63.10072586085629,Blocked: extended risk_pen; Excessive r20/r60,Neutral,71.89645395090368,46.36530330124184,3.0,-11.951280100133511,16.23,0.0,0.0,False,0,,,159.80983,159.80983,118.27516,,91.852,,-2.8329382544155903,1,+5,+4,-5,4,5,6.0,NONE,,,,
LITE,Lumentum,47.95016357347963,0.0,large,1328863416.39,356.83,10.33,116.41,47,8.99,111.77,42.58,-10.21,RS_trend_protect,47.95016357347963,Blocked: extended risk_pen,Neutral,62.467014410963266,46.483233841382855,17.0,-12.320269991458462,244.5,0.0,0.0,False,0,,,217.57927,217.57927,13.737845,188.453,14.907,,0.1295263155322868,1,+5,+3,-5,4,5,6.0,DIP_5_12,,,,
TREE,LendingTree,47.94269073254976,0.0,large,15741953.92,64.93,18.67,24.93,67,5.34,8.22,69.11,-15.14,,47.94269073254976,Blocked: weak trend; Blocked: extended risk_pen,Neutral,46.75055063492423,35.76596557831878,11.651454762853724,-12.925331241786417,52.45,0.0,-0.47266607030228286,False,0,,,61.25472,61.25472,0.83806026,14.772,1.198,,6.023300897057309,1,+3,+4,-5,3,5,5.34,NONE,,,,
RKT,Rocket Companies,47.83807873338638,0.0,large,622378537.72,22.05,14.01,33.49,66,4.53,25.21,-0.87,-5.93,RS_trend_protect,47.83807873338638,Blocked: weak trend,Neutral,40.17413570340357,44.26029336857551,11.668621700879767,-3.460857926052239,18.2,0.0,-0.19080780987527557,False,0,,,26.270014,26.270014,10.180511,74.301,12.819,0.5223,-1.2203804533899887,1,+5,0,-5,3,3,4.53,DIP_5_12,,,,
ASX,ASE Technology,47.75723030029848,-13.0,large,117496950.63,18.9,19.26,61.71,82,1.79,47.43,19.61,-2.63,RS_trend_protect,60.75723030029848,Blocked: weak trend; Mid extension penalty -13.0,Mid,58.774010509582155,57.77824973987427,3.0,-0.6649342162774488,13.3,0.0,-0.17713302592842473,False,0,,,38.571426,38.571426,0.06547545,2.901,0.49,,-80.15353350882688,1,+5,+2,-5,1,2,1.79,NONE,,,,
ALMU,Aeluma,47.735392563826196,0.0,small,9008297.67,20.55,24.84,28.85,67,8.92,27.48,13.17,-14.52,RS_trend_protect,47.735392563826196,Blocked: weak trend; Blocked: no structure; Blocked: extended risk_pen,Neutral,48.25020562110191,55.23393373145776,-4.174150485436892,-10.84101769942217,16.47,0.0,1.0,False,0,,,,,65.89677,,59.259,,-0.6277572687081387,1,+5,+2,-5,4,5,6.0,NONE,,,,
CSTL,Castle Biosciences,47.67444549916631,0.0,large,13708938.8,40.86,6.74,65.08,61,3.92,68.98,-10.94,-1.28,RS_trend_protect;stall_risk;setup_protect,47.67444549916631,Blocked: weak trend,Neutral,52.913641915503945,57.56598503486561,21.0,-2.2287630022827907,31.23,0.0,-0.10659561177126586,False,0,,,,,3.4717455,120.353,2.743,,2.4387838516445495,1,+5,-2,-5,2,1,3.92,NONE,,,,
SNBR,Sleep Number,47.38570937121291,0.0,small,7682595.0,10.75,52.99,40.22,67,8.33,66.67,27.78,-42.88,RS_trend_protect,47.38570937121291,Blocked: no structure; Blocked: extended risk_pen,Neutral,66.97888600314562,68.87407513752882,-8.0,-11.575865573840744,7.5,0.0,0.9584301658693587,False,0,,,29.054054,29.054054,0.17002954,15.991,0.822,,-13.755523352845877,1,+5,+3,-5,4,5,6.0,NONE,,,,
CMPS,Compass Pathways,47.226713972142406,0.0,small,9684689.97,7.31,17.15,47.35,58,6.84,17.15,-1.44,-6.52,stall_risk,47.226713972142406,Blocked: weak trend; Blocked: extended risk_pen,Neutral,51.394261916231066,41.40857116002235,17.0,-16.769282965244734,5.38,0.0,-1.0,False,0,,,,,,,,,6.747245883220361,1,+5,0,-5,4,4,6.0,DIP_5_12,,,,
CTGO,Contango ORE,47.15403369440055,-1.0,small,8244334.42,31.67,22.62,49.32,70,4.51,40.69,76.44,0.0,RS_trend_protect;breakout_protect,48.15403369440055,Continuation (not extended); Positive MACD with shallow DD; Mid extension penalty -16.0,Mid,61.29169465978976,42.65015274070423,3.0,-6.93836533296165,23.03,0.0,-0.11232316617099336,False,0,,,166.68422,166.68422,,,,,5.971170239351411,1,+5,+4,-5,3,1,4.51,BREAKOUT_VOL_CONF,,,,
AMG,Affiliated Managers,47.09161616615239,0.0,large,134051771.19,318.78,13.69,42.34,73,2.34,33.41,13.53,-2.25,RS_trend_protect,47.09161616615239,Blocked: weak trend,Neutral,47.26258629176015,40.19602428372276,11.0,-0.3591248339047643,250.6,0.0,0.02796323376309362,False,0,,,19.088621,19.088621,4.4352374,19.495,5.948,0.6769,1.7622723340064126,1,+5,+2,-5,2,2,2.34,NONE,,,,
PACS,PACS Group,47.08326025952771,-15.0,large,42153278.93,35.69,14.94,119.01,36,5.62,180.14,37.94,-15.29,RS_trend_protect,62.08326025952771,Excessive r20/r60,Early,61.266849484792054,56.186893356729,11.0,-7.545982264721992,24.76,0.0,0.0,False,0,,,33.990475,33.990475,1.0777304,26.151,1.731,1.1439,8.112337654293539,1,+5,+3,-5,3,5,5.62,NONE,,,,
TSAT.TO,Telesat,47.082413317532385,0.0,small,1024639.23,48.06,19.84,43.89,65,5.48,9.03,31.33,-3.88,,47.082413317532385,Blocked: weak trend; Blocked: extended risk_pen,Neutral,56.3416137275506,36.628065526611564,11.0,-17.16685705261994,37.73,0.0,-0.5198706145418109,False,0,,,,,5.420194,22.703,11.457,,-52.00674635835129,1,+3,+3,-5,3,2,5.48,NONE,,,,
AXSM,Axsome Therapeutics,47.069230602964346,-13.0,large,159455970.0,184.5,19.56,50.11,71,4.34,45.21,48.17,0.0,RS_trend_protect;breakout_protect,60.069230602964346,Blocked: weak trend; Mid extension penalty -13.0,Mid,59.991958139496624,51.72219486290653,11.0,-5.126819288577933,138.44,0.0,-0.22695353483016079,False,0,,,460.90433,460.90433,16.57179,,16.382,,-0.19096733010577732,1,+5,+3,-5,3,1,4.34,BREAKOUT_VOL_CONF,,,,
SYNA,Synaptics,46.81654526259056,0.0,large,60535346.49,85.87,15.63,28.29,66,4.56,20.82,33.91,-6.12,RS_trend_protect,46.81654526259056,Blocked: weak trend,Neutral,41.018021673333635,39.731583192421255,12.660583941605836,-4.913806528797674,71.38,0.0,0.03298839895847061,False,0,,,16.353668,16.353668,3.02339,44.808,3.398,,5.552462297121479,1,+5,+3,-5,3,4,4.56,DIP_5_12,,,,
AVAV,AeroVironment,46.26732079169393,0.0,large,529842599.31,330.89,14.48,29.66,67,7.49,-9.17,119.2,-19.26,,46.26732079169393,Blocked: weak trend; Blocked: extended risk_pen,Neutral,45.92552510879155,33.086155612594084,12.208109146810148,-23.919128025174903,274.62,0.0,-0.6691410626725967,False,0,,,71.72477,71.72477,12.061049,158.455,12.179,,-1.9256910266750205,1,-4,+4,-5,4,5,6.0,NONE,,,,
ASML,ASML,45.84825640577455,-13.0,large,2119165859.77,1326.07,19.95,51.54,78,2.27,28.18,85.79,-2.39,RS_trend_protect,58.84825640577455,Blocked: extended risk_pen; Mid extension penalty -13.0,Mid,61.08547817377957,49.86443176696326,3.0,-11.993629105327491,969.5,0.0,-0.7600175461640334,False,0,,,46.94053,46.94053,15.978857,42.044,15.869,2.4231,1.8107760162320061,1,+5,+4,-5,2,2,2.27,NONE,,,,
FOSL,Fossil Group,45.817755097134594,0.0,small,1672065.61,3.72,14.03,64.29,44,6.3,57.63,27.3,-9.27,RS_trend_protect,45.817755097134594,Blocked: weak trend; Blocked: extended risk_pen,Neutral,55.29616552474788,42.68665481822171,11.0,-13.946169454264728,2.89,0.0,-0.4368574806262857,False,0,,,,,0.19674112,9.499,0.393,,40.692038598092246,1,+5,+3,-5,4,5,6.0,DIP_5_12,,,,
KOD,Kodiak Sciences,45.81555045361248,0.0,large,28331506.15,26.64,9.95,122.04,40,7.74,55.7,-31.04,-14.29,RS_trend_protect,45.81555045361248,Blocked: extended risk_pen,Neutral,61.46832871480971,43.896361618356806,11.0,-15.360330946252915,18.93,0.0,-0.49301654731264577,False,0,,,,,,,,,-2.557798548588886,1,+5,-3,-5,4,5,6.0,NONE,,,,
EQX.TO,Equinox Gold,45.70187452387505,0.0,large,51401638.16,21.63,12.9,65.74,69,4.05,39.82,46.17,0.0,RS_trend_protect;breakout_protect,45.70187452387505,Blocked: extended risk_pen,Neutral,61.04845388417168,43.82457521978485,11.0,-12.361556018494626,15.99,0.0,-0.955092184089537,False,0,,,154.5,154.5,7.392021,20.932,8.061,,1.457366298024452,1,+5,+3,-5,3,1,4.05,BREAKOUT_VOL_CONF,,,,
FTCI,FTC Solar,45.16261225318056,0.0,small,949716.21,11.36,10.86,71.53,45,8.09,35.14,1.24,-9.08,RS_trend_protect;pullback_protect,45.16261225318056,Blocked: weak trend; Blocked: extended risk_pen,Neutral,58.80859331188007,43.16257796941196,17.0,-23.75141895,8.61,0.0,-0.7873164505551233,False,0,,,,,2.121729,,2.038,,-15.701844962260036,1,+5,0,-5,4,5,6.0,DIP_5_12,,,,
TOELY,Tokyo Electron,44.75840940897597,-13.0,large,24346159.81,126.76,15.75,41.07,68,2.56,27.45,1.63,-7.47,RS_trend_protect,57.75840940897597,Blocked: weak trend; Mid extension penalty -13.0,Mid,55.04919758439405,51.58730489933016,11.0,0.0,98.16,0.0,0.1096364906930527,False,0,,,33.983913,33.983913,0.048264787,-0.5242429482971441,-0.15951570467557072,3.6109,139.73416194733198,1,+5,0,-5,2,4,2.56,DIP_5_12,,,,
ILMN,Illumina,44.72152731660838,0.0,large,258083195.59,147.17,11.27,43.84,62,3.73,47.21,19.19,-1.98,RS_trend_protect;stall_risk,44.72152731660838,Blocked: weak trend,Neutral,42.08854111083809,45.17945685681131,17.0,-2.5491000389597365,116.41,0.0,0.6910285346008754,False,0,,,32.997757,32.997757,5.275193,20.382,5.547,,3.713523102352064,1,+5,+2,-5,2,1,3.73,NONE,,,,
CMI,Cummins,44.36919727278711,0.0,large,431244263.7,565.8,11.02,42.91,74,1.75,36.03,-3.0,-2.27,RS_trend_protect,44.36919727278711,Blocked: weak trend,Neutral,45.902089896924394,40.02470401310581,11.0,0.0,446.98,0.0,0.01028838174905522,False,0,,,29.331257,29.331257,2.325747,16.079,2.508,2.3717,2.100167458096208,1,+5,0,-5,1,2,1.75,NONE,,,,
CX,Cemex,44.186342700344774,0.0,large,67298991.47,12.49,11.46,43.95,63,2.39,33.87,47.88,-0.64,RS_trend_protect;pullback_protect,44.186342700344774,Blocked: weak trend,Neutral,44.42916078185101,41.95526121025464,11.0,-2.0868472491188617,9.45,0.0,0.14206499084367918,False,0,,,13.725274,13.725274,1.1418452,79.036,11.774,,8.394029065688256,1,+5,+3,-5,2,1,2.39,NONE,,,,
KITS.TO,KITS Eyecare,44.02251792906814,-11.0,small,2271564.04,21.6,28.66,42.88,70,4.6,54.84,-11.57,-1.5,RS_trend_protect,55.02251792906814,Positive MACD with shallow DD; Mid extension penalty -16.0,Mid,61.51608405704836,53.953966357378654,3.0,-3.6212950484520103,15.59,0.0,1.0,False,0,,,135.0,135.0,3.5896547,70.147,3.525,,0.2745991456731734,1,+5,-2,-5,3,1,4.6,NONE,,,,
FVI.TO,Fortuna Mining,43.85546070853453,0.0,large,18879901.57,14.94,12.63,40.07,66,3.88,30.71,-0.48,0.0,RS_trend_protect;breakout_protect,43.85546070853453,Blocked: weak trend,Neutral,43.8187629916725,41.86340181382822,11.0,-1.971084646625778,11.79,0.0,-0.21645327227382238,False,0,,,12.769231,12.769231,3.6488514,7.053,3.507,,6.268858161948698,1,+5,0,-5,2,1,3.88,NONE,,,,
HCC,Warrior Met Coal,43.790544265540184,-13.0,large,76267338.8,98.99,15.76,59.74,76,3.49,58.03,71.33,-3.37,RS_trend_protect,56.790544265540184,Blocked: weak trend; Mid extension penalty -13.0,Mid,54.74951741823152,52.30159823755848,3.0,-4.343546549246568,71.84,0.0,-0.11718099082380085,False,0,,,149.98483,149.98483,4.2504573,27.431,4.123,,-3.468779313287628,1,+5,+4,-5,2,2,3.49,NONE,,,,
REAL,RealReal,43.15955570524462,0.0,large,38647669.55,15.99,7.94,74.28,45,4.96,32.7,-15.72,-5.38,RS_trend_protect;pullback_protect;setup_protect,43.15955570524462,Blocked: weak trend; Blocked: extended risk_pen,Neutral,56.63726711815842,39.48114592769703,21.0,-12.446400249365126,11.78,0.0,-1.0,False,0,,,557.1429,557.1429,2.8150117,,3.358,,0.10320868284619353,1,+5,-2,-5,3,3,4.96,DIP_5_12,,,,
BBW,Build-A-Bear Workshop,43.15349013930914,0.0,large,23387650.0,65.0,16.38,23.4,66,4.51,15.52,35.13,-13.68,,43.15349013930914,Blocked: weak trend,Neutral,34.66221199951711,38.344718228241476,12.39136354794787,-4.8605716510840855,53.63,0.0,-0.038207578527262365,False,0,,,15.011548,15.011548,1.6227725,10.466,1.741,,2.9022937678851344,1,+4,+3,-5,3,5,4.51,NONE,,,,
CEU.TO,CES Energy Solutions,42.86174780217995,-13.0,large,10887704.63,13.91,15.4,61.7,75,2.81,46.16,2.54,0.0,RS_trend_protect;breakout_protect,55.86174780217995,Blocked: weak trend; Mid extension penalty -13.0,Mid,53.74046373163141,47.89126182623144,11.0,-0.5650116573030539,10.39,0.0,-0.2782505828651527,False,0,,,17.607594,17.607594,1.2147895,,,,3.0783462163639483,1,+5,0,-5,2,1,2.81,NONE,,,,
ENLT.TA,Enlight Renewable Energy,42.822086465629596,-16.0,large,6065719679.5,16990.0,23.93,77.76,78,3.83,45.34,31.33,-2.13,RS_trend_protect;overheat_L1,58.822086465629596,Blocked: weak trend; Blocked: extended risk_pen; Mid extension penalty -16.0,Mid,54.84083142832411,58.864804651301924,3.0,-8.842869586551995,11329.94,0.0,-0.5365980422810028,False,1,,,56.82274,56.82274,49.042614,75.058,55.469,,-4.6175634219890265,1,+5,+3,-5,2,2,3.83,NONE,,,,
HAL,Halliburton,42.775517156961385,0.0,large,429677596.11,32.06,12.69,36.72,68,3.27,18.53,44.65,-2.97,,42.775517156961385,Blocked: weak trend,Neutral,40.42714558627893,37.81121447690454,11.0,-3.143910338914297,26.05,0.0,-0.28232673006622966,False,0,,,21.231789,21.231789,1.2347845,8.002,1.516,,7.201999144070075,1,+5,+3,-5,2,2,3.27,NONE,,,,
HP,Helmerich & Payne,42.75400594909904,0.0,large,44055487.47,31.98,10.9,49.4,71,3.72,25.62,2.9,-8.01,RS_trend_protect,42.75400594909904,Blocked: weak trend; Blocked: extended risk_pen,Neutral,43.39685184258517,40.09016629323142,11.0,-9.604371223997727,25.28,0.0,-1.0,False,0,,,38.294815,38.294815,0.8489255,6.117,1.4,,2.825489838362095,1,+5,0,-5,2,4,3.72,DIP_5_12,,,,
MLI,Mueller Industries,42.64243714404544,0.0,large,110792539.37,131.11,14.64,40.18,78,2.01,26.09,-0.0,-1.29,RS_trend_protect,42.64243714404544,Blocked: weak trend,Neutral,44.11765435298799,34.101848386519535,3.0,0.0,101.3,0.0,-0.16811810990231946,False,0,,,19.597908,19.597908,3.5159564,13.734,3.211,,3.606470908862579,1,+5,0,-5,2,1,2.01,NONE,,,,
TBPH,Theravance Biopharma,42.47546889589185,0.0,small,8736901.23,20.42,10.66,51.93,68,3.92,44.41,-30.23,-0.92,RS_trend_protect;stall_risk,42.47546889589185,Blocked: weak trend,Neutral,50.57656879332463,42.31198774767574,11.0,-6.946241746288797,16.05,0.0,-0.2941739372003003,False,0,,,35.824562,35.824562,12.881485,,9.332,,1.0127873109816112,1,+5,-3,-5,2,1,3.92,NONE,,,,
YETI,YETI,42.38906376663577,0.0,large,81397508.75,48.25,11.93,36.47,62,3.47,35.61,17.29,-4.96,RS_trend_protect;pullback_protect,42.38906376663577,Blocked: weak trend,Neutral,38.492052076090886,43.443099213328026,17.0,-1.579625295197689,39.09,0.0,0.5183720149761262,False,0,,,25.130209,25.130209,2.140017,14.001,2.082,,3.6080414659142224,1,+5,+2,-5,2,3,3.47,NONE,,,,
EXAS,Exact Sciences,42.34443072990798,0.0,large,242843794.38,102.35,7.58,62.16,63,0.32,57.83,35.5,-0.08,RS_trend_protect;breakout_protect;stall_risk,42.34443072990798,Blocked: weak trend,Neutral,48.644937478190016,48.37575400582986,21.0,-6.30092077777188,81.34,0.0,-0.43103788822355416,False,0,,,91.55232,91.55232,6.306874,193.782,6.789,,1.2043765877195598,1,+5,+3,-5,1,1,1.0,BREAKOUT_VOL_CONF,,,,
DNG.TO,Dynacor,41.87616162018575,-14.0,small,729136.64,6.83,31.01,44.19,70,3.58,57.15,7.25,-2.15,RS_trend_protect,55.87616162018575,Positive MACD with shallow DD; Mid extension penalty -19.0,Mid,63.50467954651121,55.521047364438814,3.0,-7.681069711573264,5.04,0.0,0.863796446827395,False,0,,,13.392157,13.392157,0.8588269,10.198,0.75,,-4.86373834728186,1,+5,0,-5,2,2,3.58,NONE,,,,
MITSY,Mitsui & Co,41.81628838931047,0.0,small,3666602.4,637.67,12.4,35.87,69,2.86,29.37,6.09,-2.09,RS_trend_protect,41.81628838931047,Blocked: weak trend,Neutral,48.24776767942003,34.04058860723747,11.0,0.0,492.31,0.0,-0.1601719924694054,False,0,,,16.001757,16.001757,0.0065800515,8.849,0.422,5.7564,56.63752282982975,1,+5,0,-5,2,2,2.86,NONE,,,,
ARE.TO,Aecon Group,41.74503559010271,0.0,large,11014308.01,34.01,14.1,48.82,69,3.96,20.09,36.39,-0.5,RS_trend_protect,41.74503559010271,Blocked: weak trend; Blocked: extended risk_pen,Neutral,48.86528031673113,28.996758184838534,11.0,-11.663369231489234,26.05,0.0,-0.9676160292767955,False,0,,,242.92856,242.92856,0.41709375,34.426,0.462,,-2.584920772972716,1,+5,+3,-5,2,1,3.96,NONE,,,,
TPB,Turning Point Brands,41.639199564797764,0.0,large,44682277.92,117.52,12.27,34.64,69,3.32,34.0,-54.29,-1.2,RS_trend_protect;stall_risk,41.639199564797764,Blocked: weak trend,Neutral,44.638755971263414,34.2343184420096,11.0,-4.6875876674275965,95.36,0.0,0.21778822201567116,False,0,,,36.271603,36.271603,5.143707,21.73,5.42,,1.701988069166293,1,+5,-4,-5,2,1,3.32,NONE,,,,
VALE,Vale,41.58832866556968,0.0,large,469719010.2,14.93,14.56,39.77,84,1.99,30.28,16.01,0.0,RS_trend_protect;breakout_protect,41.58832866556968,Blocked: weak trend,Neutral,37.934079586143696,40.33528299198758,3.0,-0.48386287145151724,11.65,0.0,-0.23577057800417534,False,0,,,11.573644,11.573644,0.29876658,2.011,0.707,8.3007,-1.4925574856840906,1,+5,+2,-5,1,1,1.99,NONE,,,,
DLTR,Dollar Tree,41.53962875628913,0.0,large,383784950.11,134.06,12.08,30.66,66,2.97,33.23,6.94,-5.06,RS_trend_protect,41.53962875628913,Blocked: weak trend,Neutral,36.977296434939504,38.91541541189895,11.0,-0.02766367768173954,106.5,0.0,0.6836059959482705,False,0,,,25.39015,25.39015,1.4421217,15.76,1.779,,6.050475069256123,1,+5,0,-5,2,3,2.97,DIP_5_12,,,,
TTI,TETRA Technologies,41.33561712419347,-16.0,large,22989621.13,11.24,26.97,110.82,74,4.4,40.68,-18.06,-3.27,RS_trend_protect,57.33561712419347,Blocked: extended risk_pen; Mid extension penalty -16.0,Mid,63.059971764621196,42.18832537178655,3.0,-11.162903270166947,7.21,0.0,-0.9300679367577911,False,0,,,12.217391,12.217391,2.429577,16.743,2.67,,-0.039030460764504095,1,+5,-2,-5,3,2,4.4,NONE,,,,
LRCX,Lam Research,41.31138875723385,-16.0,large,2860441746.3,222.41,29.05,85.68,75,3.7,50.99,-9.89,-0.25,RS_trend_protect,57.31138875723385,Blocked: extended risk_pen; Mid extension penalty -16.0,Mid,60.94692408520054,45.07370410666041,3.0,-9.159891014108736,141.3,0.0,-0.6300679483969758,False,0,,,48.988987,48.988987,14.315497,40.403,14.146,2.7706,1.525541923034638,1,+5,0,-5,2,1,3.7,NONE,,,,
BKD,Brookdale Senior Living,41.304750112710515,0.0,large,42752023.85,12.1,12.46,47.25,77,2.98,38.76,6.8,-0.82,RS_trend_protect,41.304750112710515,Blocked: weak trend,Neutral,41.95331344282736,39.39066142990218,3.0,-0.02062201427184217,9.29,0.0,0.08039299692934054,False,0,,,,,0.9328116,17.628,2.634,,-11.783012610133717,1,+5,0,-5,2,1,2.98,NONE,,,,
AMAT,Applied Materials,41.16588648692173,-16.0,large,2279616816.45,318.23,21.64,59.23,72,2.88,39.56,31.0,-2.68,RS_trend_protect,57.16588648692173,Blocked: weak trend; Mid extension penalty -16.0,Mid,53.9866017211929,54.218480544290976,3.0,-1.2378238322683823,226.5,0.0,-0.13159349911746698,False,0,,,36.747116,36.747116,8.936673,28.037,8.841,2.7349,1.4410359967065978,1,+5,+3,-5,2,2,2.88,NONE,,,,
PFSI,PennyMac Financial Services,41.15024782190342,0.0,large,55469314.3,150.56,12.84,33.65,71,3.23,17.4,129.33,-5.58,,41.15024782190342,Blocked: weak trend; Blocked: extended risk_pen,Neutral,44.92577956149842,27.37739614233296,11.0,-13.929567145391603,121.94,0.0,-0.6224127889096143,False,0,,,16.189247,16.189247,2.8727903,,9.722,,-58.22358011411616,1,+5,+4,-5,2,3,3.23,DIP_5_12,,,,
ALB,Albemarle,41.10908758902275,-41.0,large,560395232.29,172.54,27.38,96.23,70,3.78,77.75,39.52,-2.82,RS_trend_protect,82.10908758902275,Positive MACD with shallow DD; Mid extension penalty -16.0; Late-stage breakout penalty -30.0,Late,92.39431271156434,71.87351865901267,3.0,-3.408248105839666,110.09,0.0,0.0,False,0,,,118.879135,118.879135,4.105505,35.369,4.983,10.7838,-0.7634125983898202,1,+5,+3,-5,2,2,3.78,NONE,,,,
SCHL,Scholastic,40.99150776243307,0.0,large,17779379.78,33.31,12.12,37.04,65,3.3,16.23,-43.68,-3.67,stall_risk,40.99150776243307,Blocked: weak trend,Neutral,40.68379155723634,32.19782401029961,11.0,-4.64174848959909,26.5,0.0,-0.22345339139140036,False,0,,,15.279817,15.279817,0.52299607,11.945,0.709,,-29.56914554020109,1,+5,-3,-5,2,2,3.3,NONE,,,,
LASR,nLight,40.93819322099719,-16.0,large,31284945.0,45.25,24.6,82.05,79,5.36,40.66,56.79,0.0,RS_trend_protect;breakout_protect;overheat_L1;probe_ok_L1,56.93819322099719,Blocked: weak trend; Blocked: extended risk_pen; Mid extension penalty -16.0,Mid,52.84308182175297,56.17145338018378,4.8,-13.698182633498298,30.11,0.0,-0.930649895998064,True,1,,,168.48494,168.48494,10.100239,,9.729,,0.11968754901510822,1,+5,+4,-5,3,1,5.36,BREAKOUT_VOL_CONF,,,,
PRU.AX,Perseus Mining,40.87784210655117,0.0,large,22863221.56,6.31,13.57,46.63,78,2.5,33.4,45.41,0.0,RS_trend_protect;breakout_protect,40.87784210655117,Blocked: weak trend; Blocked: extended risk_pen,Neutral,41.939370019514286,39.32321692210677,3.0,-9.962612187529958,4.8,0.0,-0.734119269532252,False,0,,,15.775,15.775,6.8314924,10.978,6.161,,3.244844668704915,1,+5,+3,-5,2,1,2.5,BREAKOUT_VOL_CONF,,,,
PAAS.TO,Pan American Silver,40.868224541325105,-16.0,large,76994356.32,80.99,23.23,68.96,71,3.28,59.79,23.56,0.0,RS_trend_protect;breakout_protect,56.868224541325105,Blocked: weak trend; Mid extension penalty -16.0,Mid,53.95489179215342,53.56178717878419,3.0,-2.865278093759526,55.7,0.0,-0.3202879531180409,False,0,,,33.74583,33.74583,10.501902,25.815,10.495,,2.9154219013664764,1,+5,+2,-5,2,1,3.28,BREAKOUT_VOL_CONF,,,,
AEM.TO,Agnico Eagle Mines,40.86153158075416,-13.0,large,324725066.25,289.25,19.05,45.27,88,2.93,26.83,9.94,0.0,RS_trend_protect,53.86153158075416,Blocked: weak trend; Blocked: extended risk_pen; Mid extension penalty -13.0,Mid,56.68625701539948,41.49218727314214,3.0,-12.600468177062067,214.73,0.0,-0.4710955856012692,False,0,,,30.479452,30.479452,13.749832,20.771,13.549,,2.4161751219702507,1,+5,0,-5,2,1,2.93,NONE,,,,
ARCB,ArcBest,40.80212931346617,0.0,large,28818271.61,86.29,16.78,20.99,65,3.69,18.1,3.99,-13.34,,40.80212931346617,Blocked: weak trend,Neutral,33.39183189053997,32.00708064362716,14.59364776444929,-1.5356124572549665,73.62,0.0,0.17763521531607446,False,0,,,20.496437,20.496437,0.48552775,8.215,0.562,,1.3398585990456438,1,+5,0,-5,2,5,3.69,NONE,,,,
BGSF,BGSF,40.74295401150412,0.0,small,309936.01,5.28,16.54,32.67,67,5.51,51.29,-25.55,-7.31,RS_trend_protect;stall_risk,40.74295401150412,Blocked: weak trend; Blocked: extended risk_pen,Neutral,40.934738558859216,40.781506366237075,5.860927152317882,-18.157297589649055,4.53,0.0,1.0,False,0,,,44.000004,44.000004,0.22426163,2.895,0.073,,76.5979859330389,1,+5,-3,-5,3,4,5.51,DIP_5_12,,,,
LBRT,Liberty Energy,40.36586359055996,0.0,large,62582053.74,20.13,10.05,46.94,70,4.61,24.69,-10.46,-9.26,RS_trend_protect;pullback_protect,40.36586359055996,Blocked: weak trend; Blocked: extended risk_pen,Neutral,41.78641430321634,35.210324106104714,11.0,-8.918762901569083,16.31,0.0,-0.5137274132101409,False,0,,,17.81416,17.81416,0.8336573,6.484,0.99,,-2.6476589905272614,1,+5,-2,-5,3,5,4.61,DIP_5_12,,,,
TEVA,Teva Pharmaceutical Industries,40.245776660069154,0.0,large,286651573.58,31.36,8.84,54.67,48,2.53,64.88,-19.96,-4.36,RS_trend_protect;setup_protect,40.245776660069154,Blocked: weak trend,Neutral,46.19765540488829,44.96045138674247,21.0,0.0,24.09,0.0,0.2651022296176313,False,0,,,51.409836,51.409836,2.1446579,11.076,3.032,,2.826318705101002,1,+5,-2,-5,2,3,2.53,NONE,,,,
SEA.TO,Seabridge Gold,40.13050690534041,-13.0,large,11486004.54,45.67,15.24,67.51,72,3.91,38.65,20.52,0.0,RS_trend_protect;breakout_protect,53.13050690534041,Blocked: extended risk_pen; Mid extension penalty -13.0,Mid,60.666313527482544,45.50718811900473,11.0,-10.75054844181032,33.16,0.0,-0.957973187786193,False,0,,,,,,,,,-2.4171834021232588,1,+5,+2,-5,2,1,3.91,BREAKOUT_VOL_CONF,,,,
TVE.TO,Tamarack Valley Energy,40.08906520620223,0.0,large,15152255.31,8.4,9.52,48.26,59,2.56,33.42,-10.71,-0.24,RS_trend_protect;pullback_protect;setup_protect,40.08906520620223,Blocked: weak trend,Neutral,45.85043430259722,45.01166077243521,21.0,0.0,6.46,0.0,-0.12962601051270373,False,0,,,5.4545455,5.4545455,2.9694262,4.985,3.496,,4.669999121568262,1,+5,-2,-5,2,1,2.56,NONE,,,,
INTC,Intel,40.054718186950915,-16.0,large,4846611303.86,48.56,23.74,69.2,77,5.17,27.25,49.88,-0.33,RS_trend_protect,56.054718186950915,Blocked: weak trend; Blocked: extended risk_pen; Mid extension penalty -16.0,Mid,48.09446978076552,61.460877148055445,3.0,-15.11515405725327,33.55,0.0,-1.0,False,0,,,809.3334,809.3334,4.3344975,24.682,4.821,,-1.908583382015409,1,+5,+3,-5,3,1,5.17,NONE,,,,
MSGE,Sphere Entertainment,39.80935466133404,0.0,large,17542215.46,58.65,12.71,38.39,75,2.93,28.53,56.94,-3.31,RS_trend_protect,39.80935466133404,Blocked: weak trend,Neutral,35.96818348940366,35.50595350093772,11.0,-2.5425434669307894,46.43,0.0,-0.16439316814070937,False,0,,,82.60564,82.60564,2.8787193,20.407,4.11,,4.422782370861904,1,+5,+4,-5,2,2,2.93,NONE,,,,
GHM,Graham,39.77905565374414,0.0,small,8459986.14,72.45,14.65,41.69,60,4.39,18.21,-27.81,-2.35,stall_risk,39.77905565374414,Blocked: weak trend,Neutral,47.12850675471873,28.913264482646056,17.0,-7.1399836812526924,56.08,0.0,0.0315108532655603,False,0,,,58.902435,58.902435,3.4931602,35.167,3.431,,-1.786415832851437,1,+5,-3,-5,3,2,4.39,NONE,,,,
WBD,Warner Bros Discovery,39.538013533632345,0.0,large,916473277.37,28.24,6.73,72.85,42,1.84,32.89,-3.99,-5.8,RS_trend_protect,39.538013533632345,Blocked: weak trend; Blocked: extended risk_pen,Neutral,50.83286996225981,36.7623592500074,21.0,-8.0,20.88,0.0,-1.0,False,0,,,148.63158,148.63158,1.8493174,12.949,2.653,217.2308,24.614326449915055,1,+5,0,-5,1,3,1.84,DIP_5_12,,,,
BIOA,BioAge Labs,39.537142857142854,-50.0,large,17412470.15,21.32,74.69,223.54,70,9.42,168.18,1.61,-6.98,RS_trend_protect,89.53714285714285,Blocked: no structure; Blocked: extended risk_pen; Mid extension penalty -31.0; Late-stage breakout penalty -45; Excessive r20/r60,Late,99.81428571428572,85.0,0.0,-10.5,10.19,0.0,0.0,False,0,,,1.5664953,1.5664953,129.19205,,82.1,,-5.4263843465900505,1,+5,0,-5,5,4,6.0,DIP_5_12,,,,
RENT,Rent the Runway,39.43687140515607,0.0,small,1791693.11,7.69,17.42,41.55,39,10.51,65.38,-41.76,-18.1,RS_trend_protect,39.43687140515607,Blocked: weak trend; Blocked: extended risk_pen,Neutral,35.91897304854748,37.61921218364931,13.580696202531644,-11.80553445,6.44,0.0,0.7614581007896388,False,0,,,2.6701388,2.6701388,0.8202652,,1.301,,-11.55642439279164,1,+5,-3,-5,5,5,6.0,NONE,,,,
SLS.TO,Solaris Resources,39.43103160831714,-13.0,small,5275811.92,12.45,15.74,58.77,71,4.56,43.43,-15.64,-0.24,RS_trend_protect,52.43103160831714,Blocked: weak trend; Mid extension penalty -13.0,Mid,57.81753268784809,46.926807473021675,11.0,-3.5296166927949972,9.11,0.0,-0.24433312934553109,False,0,,,,,,,,,-2.2763849048886136,1,+5,-2,-5,3,1,4.56,NONE,,,,
CMC,Commercial Metals,39.427079671819065,0.0,large,95624012.01,75.32,12.58,35.17,64,2.95,24.4,10.16,-0.4,RS_trend_protect,39.427079671819065,Blocked: weak trend,Neutral,39.060406989967035,35.43776077054524,11.0,-0.18962193610937836,60.53,0.0,-0.1109383917262442,False,0,,,19.512955,19.512955,1.0443175,11.83,1.334,,-21.39033577833368,1,+5,+2,-5,2,1,2.95,NONE,,,,
INDO,Indonesia Energy,39.300115058027565,0.0,small,4824826.17,3.86,26.7,33.57,62,9.01,29.97,4.25,-26.48,RS_trend_protect,39.300115058027565,Blocked: weak trend; Blocked: extended risk_pen,Neutral,53.72756304770794,55.22039102570562,3.938271604938272,-10.5,3.55,0.0,0.3019568242092344,False,0,,,,,25.222801,,21.795,,-2.7520443324276602,1,+5,0,-5,5,5,6.0,NONE,,,,
CBLL,Ceribell,39.2833161386544,0.0,small,9065199.32,21.45,13.86,36.57,50,5.28,65.77,-48.2,-16.01,RS_trend_protect,39.2833161386544,Blocked: weak trend,Neutral,37.24785043852198,40.85099775807565,18.287995269071555,-6.409827094621233,17.88,0.0,1.0,False,0,,,,,9.608425,,7.831,,-3.567491996204893,1,+5,-3,-5,3,5,5.28,NONE,,,,
HE,Hawaiian Electric Industries,39.244648217948864,0.0,large,75999135.97,14.09,15.51,24.61,64,4.61,20.94,-40.59,-4.6,RS_trend_protect;stall_risk,39.244648217948864,Blocked: weak trend,Neutral,35.32750908510309,34.81159294301191,12.716696269982236,-7.6442146373662645,11.73,0.0,0.07983888583951021,False,0,,,6.4930873,6.4930873,0.789618,9.349,1.595,,254.21118847128614,1,+5,-3,-5,3,3,4.61,NONE,,,,
VIG.VI,Vienna Insurance Group AG Wiener Versicherung Gruppe,39.14672031646384,0.0,small,4829137.33,65.6,16.71,39.22,50,3.1,49.26,-6.61,-4.23,RS_trend_protect,39.14672031646384,Blocked: weak trend,Neutral,41.327478741993055,32.520411774037456,17.0,-0.18335671131402603,51.05,0.0,0.6363522980456118,False,0,,,12.495237,12.495237,0.63972235,-2.1712370567453223,-0.24272368496295968,,3.595112042682927,1,+5,0,-5,2,3,3.1,NONE,,,,
CW,Curtiss-Wright,39.0836164623483,0.0,large,151348555.0,650.43,14.27,32.23,78,2.85,16.43,-7.26,-2.02,,39.0836164623483,Blocked: weak trend,Neutral,41.4546018736227,27.352471289505935,3.0,0.0,510.82,0.0,-0.0721973365820694,False,0,,,52.923515,52.923515,7.2598114,32.288,7.374,,1.8616123725754403,1,+5,0,-5,2,2,2.85,NONE,,,,
FNV.TO,Franco-Nevada,38.69977957897795,-13.0,large,136349500.0,350.0,19.47,36.02,96,2.84,31.83,80.66,0.0,RS_trend_protect,51.69977957897795,Blocked: weak trend; Blocked: extended risk_pen; Mid extension penalty -13.0,Mid,50.40126395284559,44.359308182161165,3.0,-11.735602438950538,271.23,0.0,-0.12864436320960249,False,0,,,52.87009,52.87009,44.059025,48.405,43.876,,-1.71410021961854,1,+5,+4,-5,2,1,2.84,BREAKOUT_VOL_CONF,,,,
PUMP,ProPetro,38.669163031714504,0.0,large,18048362.6,10.37,4.54,53.2,71,5.01,63.82,-13.71,-8.23,RS_trend_protect,38.669163031714504,Blocked: weak trend,Neutral,40.09953730869428,49.97525547007522,21.0,-4.560998193936394,8.62,0.0,0.26303458832724025,False,0,,,,,0.82943434,5.81,0.926,,4.973521464754679,1,+5,-2,-5,3,4,5.01,DIP_5_12,,,,
ATS.VI,AT&S Austria Technologie & Systemtechnik,38.52048702613593,-13.0,small,3825353.44,36.75,17.6,62.08,75,3.96,26.07,39.19,0.0,RS_trend_protect;breakout_protect,51.52048702613593,Blocked: weak trend; Mid extension penalty -13.0,Mid,58.82486420910264,44.073411719191874,11.0,-7.7156777452929735,25.91,0.0,-0.44557376228028966,False,0,,,19.972826,19.972826,0.8726719,,,,21.516087797967383,1,+5,+3,-5,2,1,3.96,BREAKOUT_VOL_CONF,,,,
WLDN,Willdan,38.51476705698672,-16.0,large,41617677.73,130.83,23.41,56.81,73,4.25,32.57,-15.94,-2.36,RS_trend_protect,54.51476705698672,Blocked: weak trend; Mid extension penalty -16.0,Mid,53.5233770931647,47.07831178140153,3.0,-2.819109436453148,95.68,0.0,-0.13102722543181078,False,0,,,46.892475,46.892475,2.96004,31.407,3.013,,2.9563765716792254,1,+5,-2,-5,3,2,4.25,NONE,,,,
APLD,Applied Digital,38.487977745372234,-16.0,large,1246273759.12,35.46,25.44,94.69,73,8.24,6.23,-0.4,-7.2,,54.487977745372234,Blocked: extended risk_pen; Mid extension penalty -16.0,Mid,64.75860964779564,31.874766428710387,3.0,-18.5,22.04,0.0,-1.0,False,0,,,,,37.55545,524.569,42.546,,-16.20447840478442,1,+3,0,-5,4,4,6.0,DIP_5_12,,,,
AREC,American Resources,38.478006195156006,-13.0,large,14061775.0,3.5,16.78,69.83,68,8.9,-3.58,7.51,-48.6,,51.478006195156006,Blocked: extended risk_pen; Mid extension penalty -13.0,Mid,67.35744645163766,52.519806974631386,11.0,-18.55633330727918,2.76,0.0,-1.0,False,0,,,,,3796.9028,,5967.671,,1.3488521539422127,1,-2,0,-5,4,5,6.0,NONE,,,,
OSS,One Stop Systems,38.3564318943918,-25.0,large,28996366.68,10.78,55.09,113.98,71,10.94,109.73,63.0,-7.78,RS_trend_protect,63.3564318943918,Blocked: weak trend; Blocked: no structure; Blocked: extended risk_pen; Mid extension penalty -25.0,Mid,48.285714285714285,84.0832382649399,0.0,-13.347346897387775,6.83,0.0,0.1666839518291099,False,0,,,,,4.38532,,4.385,,-1.9010372268804996,1,+5,+4,-5,5,4,6.0,DIP_5_12,,,,
IBP,Installed Building Products,38.350689125422534,0.0,large,82506209.32,300.23,11.37,33.13,64,4.68,12.47,-24.86,-4.51,pullback_protect;stall_risk,38.350689125422534,Blocked: weak trend; Blocked: extended risk_pen,Neutral,46.08125047166085,23.117097623630485,11.0,-13.21445815514863,241.56,0.0,-0.5204903197691297,False,0,,,32.35237,32.35237,2.7236629,18.042,2.942,,3.836982996133959,1,+4,-2,-5,3,3,4.68,NONE,,,,
LSCC,Lattice Semiconductor,38.23971461177368,0.0,large,136146391.04,83.23,12.12,35.17,66,4.27,19.58,-13.02,-3.56,,38.23971461177368,Blocked: weak trend,Neutral,37.59292266258634,34.97573659721018,11.0,-7.71849491497121,66.75,0.0,-0.4926773150344778,False,0,,,416.15002,416.15002,23.022978,215.783,22.811,,1.179906161721958,1,+5,-2,-5,3,2,4.27,NONE,,,,
APH,Amphenol,38.23109632165625,0.0,large,1160690635.35,152.33,10.14,37.24,70,2.98,12.8,40.01,-1.33,pullback_protect,38.23109632165625,Blocked: weak trend,Neutral,46.43879057058987,21.287438050453794,11.0,-5.578838007210868,119.72,0.0,-0.44439164184599034,False,0,,,50.77667,50.77667,8.890285,31.459,9.094,1.3075,1.2485828179331582,1,+4,+3,-5,2,1,2.98,NONE,,,,
TXG.TO,Torex Gold Resources,38.12156405956443,-13.0,large,41920400.56,77.68,18.37,48.91,75,3.51,30.58,-12.48,0.0,RS_trend_protect;breakout_protect,51.12156405956443,Blocked: weak trend; Blocked: extended risk_pen; Mid extension penalty -13.0,Mid,53.99868368904893,43.26407457367243,11.0,-9.123059856798408,58.31,0.0,-0.8317302242724363,False,0,,,16.457628,16.457628,6.578143,12.613,6.706,,-1.0163138277862982,1,+5,-2,-5,2,1,3.51,NONE,,,,
TFPM.TO,Triple Flag Precious Metals,37.9185010138616,0.0,small,8325402.24,52.9,14.32,41.55,87,2.83,31.72,-25.53,-0.53,RS_trend_protect,37.9185010138616,Blocked: weak trend; Blocked: extended risk_pen,Neutral,41.7258051133229,37.55048055553526,3.0,-8.172319184074048,40.68,0.0,-0.2586159592037024,False,0,,,37.785717,37.785717,31.764746,40.257,31.736,,0.0728143522748571,1,+5,-3,-5,2,1,2.83,NONE,,,,
ABL,Abacus Global Management,37.90771197751884,0.0,small,4651826.4,8.53,14.53,29.96,51,4.54,58.42,-45.62,-2.63,RS_trend_protect,37.90771197751884,Blocked: weak trend,Neutral,36.86447695199749,36.57273434915022,17.0,-4.326777514966491,6.91,0.0,0.5225771695729284,False,0,,,169.40001,169.40001,4.212475,15.862,5.817,,5.019393050000851,1,+5,-3,-5,3,2,4.54,NONE,,,,
FIGS,Figs,37.87163076904425,0.0,large,24671844.94,11.65,6.78,61.71,51,3.96,40.7,4.02,-5.52,RS_trend_protect;setup_protect,37.87163076904425,Blocked: weak trend,Neutral,50.22722847993976,31.92859386094283,21.0,-2.210486125918908,8.94,0.0,-0.2528022383989552,False,0,,,105.90909,105.90909,3.298275,47.288,2.976,,1.0149382158051268,1,+5,0,-5,2,3,3.96,DIP_5_12,,,,
JBL,Jabil,37.855137419736366,0.0,large,282928485.0,246.75,11.71,22.86,58,3.86,19.5,-4.29,-2.54,pullback_protect,37.855137419736366,Blocked: weak trend,Neutral,39.618976746207274,27.837992551076397,17.60110294117647,-1.9252454687972715,205.64,0.0,0.44702647950172103,False,0,,,38.615025,38.615025,0.8471881,12.203,0.898,,4.49521821128539,1,+5,0,-5,2,2,3.86,NONE,,,,
STCK.TO,Stack Capital Group,37.761346604399165,0.0,small,796070.69,16.74,17.71,29.88,62,3.84,31.6,-60.47,-0.95,RS_trend_protect;low_liquidity_today;stall_risk,37.761346604399165,Blocked: weak trend; Blocked: extended risk_pen,Neutral,40.623504661566464,34.232939301493346,18.271417740712664,-14.969552840968765,13.71,0.0,0.48160146811567844,False,0,,,4.598901,4.598901,5.205488,,0.685,,11.818310154094998,1,+5,-4,-5,2,1,3.84,NONE,,,,
CVR,Chicago Rivet & Machine,37.4581918653775,0.0,small,85960.0,14.0,18.67,24.08,52,3.76,47.01,-57.65,-9.61,RS_trend_protect,37.4581918653775,Blocked: weak trend; Blocked: extended risk_pen,Neutral,34.623093098270274,34.7104867802304,11.489038785834735,-13.913749579654738,11.83,0.0,1.0,False,0,,,,,0.520064,,0.492,,-3.1374151180761456,1,+5,-4,-5,2,5,3.76,DIP_5_12,,,,
WWD,Woodward,37.40341378133921,0.0,large,175493882.43,328.21,10.57,32.2,68,2.53,24.56,47.39,-2.32,RS_trend_protect;pullback_protect,37.40341378133921,Blocked: weak trend,Neutral,36.96312947799488,32.71011242251255,11.0,-2.062201427184221,266.67,0.0,0.31136102718173736,False,0,,,45.64812,45.64812,5.5203786,32.977,5.629,2.6879,1.254754918012583,1,+5,+3,-5,2,2,2.53,NONE,,,,
SN,SharkNinja,37.323808978154936,0.0,large,170763650.1,122.78,14.7,21.22,63,3.78,26.81,-7.09,-3.37,RS_trend_protect,37.323808978154936,Blocked: weak trend,Neutral,32.041596684973925,33.255092203409674,12.713688716746507,-1.7418887574832453,102.58,0.0,0.7396448626358831,False,0,,,30.316048,30.316048,2.8480113,19.577,2.955,2.0932,1.3635338084076587,1,+5,0,-5,2,2,3.78,NONE,,,,
GDI.TO,GDI Integrated Facility Services,37.23853041886181,0.0,small,2876180.78,36.32,16.39,19.16,58,0.46,28.79,47.87,-0.49,RS_trend_protect;stall_risk,37.23853041886181,Blocked: weak trend,Neutral,29.5743755204239,46.369749353047816,12.553884711779448,-2.5063442731610115,31.57,0.0,0.6582386795342651,False,0,,,20.290503,20.290503,0.34557608,12.182,0.478,,12.66660238780374,1,+5,+3,-4,1,1,1.0,NONE,,,,
BWXT,BWX Technologies,37.178127553503096,0.0,large,211049689.05,206.07,12.01,30.03,69,3.39,3.22,46.11,-5.42,,37.178127553503096,Blocked: weak trend; Blocked: extended risk_pen,Neutral,43.34388695090639,17.1045498331412,11.0,-8.707934172167285,167.25,0.0,-0.5431044438880235,False,0,,,61.69761,61.69761,6.159279,46.965,6.627,,1.4502329711165003,1,+2,+3,-5,2,3,3.39,DIP_5_12,,,,
FANUY,FANUC,37.172139914483544,0.0,small,7691265.96,20.34,10.42,35.38,60,2.51,27.84,0.12,-6.27,RS_trend_protect;pullback_protect;stall_risk,37.172139914483544,Blocked: weak trend,Neutral,36.04223301647634,40.31592060258024,17.0,-0.08,16.52,0.0,0.03485053431939067,False,0,,,38.37736,38.37736,0.046537973,-2.9450249677891356,-0.7774792260904753,3.3512,356.91563030600065,1,+5,0,-5,2,4,2.51,DIP_5_12,,,,
ERD.TO,Erdene Resource Development,37.16953428220447,0.0,small,1751134.02,9.13,15.39,32.1,62,4.91,5.55,8.45,-14.83,,37.16953428220447,Blocked: weak trend; Blocked: extended risk_pen,Neutral,39.955520103722336,31.86767903323218,20.08519003931848,-13.679745252110923,7.77,0.0,-0.9203650994131867,False,0,,,,,,,,,-0.517843586542263,1,+2,0,-5,3,5,4.91,NONE,,,,
DAN,Dana,37.164698131463176,-13.0,large,53445970.0,27.25,17.19,45.83,79,2.94,37.92,-4.38,-1.66,RS_trend_protect,50.164698131463176,Blocked: weak trend; Mid extension penalty -13.0,Mid,45.033232873316486,46.42571315247441,3.0,-0.060091137790401206,20.53,0.0,-0.25300455688952006,False,0,,,61.93182,61.93182,0.35893705,7.621,0.658,,6.897156902499583,1,+5,0,-5,2,1,2.94,NONE,,,,
ALS.TO,Altius Minerals,37.14354538541078,0.0,small,5997650.39,46.33,12.98,44.57,85,2.37,28.03,23.36,0.0,RS_trend_protect;breakout_protect,37.14354538541078,Blocked: weak trend; Blocked: extended risk_pen,Neutral,40.544261133688295,37.085014768968826,3.0,-9.16674244099792,36.4,0.0,-0.2656596120263396,False,0,,,6.056209,6.056209,41.728176,69.273,36.823,,2.352411866143861,1,+5,+2,-5,2,1,2.37,BREAKOUT_VOL_CONF,,,,
EFX.TO,Enerflex,37.086273125911354,0.0,small,9747583.83,22.4,9.72,57.09,57,3.35,28.81,15.38,-1.23,RS_trend_protect;pullback_protect;setup_protect,37.086273125911354,Blocked: weak trend; Blocked: extended risk_pen,Neutral,51.04207064212421,44.19715947782407,19.0,-9.208521820277337,17.08,0.0,-0.9520631727744938,False,0,,,14.640523,14.640523,1.093149,8.217,1.351,,4.720016219122409,1,+5,+2,-5,2,1,3.35,NONE,,,,
DIN,Dine Brands Global,36.98596194686708,-13.0,large,16986143.65,36.8,15.07,44.9,68,3.95,32.5,-30.98,-5.18,RS_trend_protect;stall_risk,49.98596194686708,Blocked: weak trend; Mid extension penalty -13.0,Mid,48.40229050579193,38.92629650669919,11.0,-6.771528830990382,28.43,0.0,-0.28200035309824156,False,0,,,16.428572,16.428572,0.6531554,11.179,2.297,,15.874468555240345,1,+5,-3,-5,2,3,3.95,DIP_5_12,,,,
BIDU,Baidu,36.89805526528195,-13.0,large,546493621.66,150.02,16.8,41.34,72,3.09,24.52,10.48,-1.47,RS_trend_protect,49.89805526528195,Blocked: weak trend; Blocked: extended risk_pen; Mid extension penalty -13.0,Mid,46.8293753909785,41.236405276845794,11.0,-8.366154289160345,116.25,0.0,-0.6804429661138142,False,0,,,13.418605,13.418605,0.4008632,13.965,3.085,,41.59064666325345,1,+5,+2,-5,2,1,3.09,NONE,,,,
CPIX,Cumberland Pharmaceuticals,36.87257961733204,0.0,small,1039391.15,4.72,47.02,26.98,63,9.34,34.47,-35.33,-30.28,RS_trend_protect;stall_risk,36.87257961733204,Blocked: weak trend; Blocked: extended risk_pen,Neutral,58.948068257558646,44.06537470286652,1.6236559139784985,-19.38504425,3.93,0.0,0.3352918990887268,False,0,,,33.714283,33.714283,1.7106037,48.858,1.582,,8.070271477648436,1,+5,-3,-5,5,5,6.0,NONE,,,,
AEO,American Eagle Outfitters,36.83494232547449,0.0,large,158188149.17,25.51,9.81,66.55,42,4.74,54.74,0.36,-9.1,RS_trend_protect,36.83494232547449,Blocked: weak trend; Blocked: extended risk_pen,Neutral,47.23596852797029,34.18607668453339,21.0,-9.361181110166715,19.05,0.0,-0.5209505908457579,False,0,,,22.575222,22.575222,0.8096925,12.021,1.158,,0.9906368213300737,1,+5,0,-5,3,5,4.74,DIP_5_12,,,,
LEU,Centrus Energy,36.75242943675909,0.0,large,346512127.93,315.92,17.56,44.78,66,7.77,-8.22,25.07,-27.54,,36.75242943675909,Blocked: extended risk_pen,Neutral,60.33610030143141,18.642308029133105,11.0,-19.439559089263447,239.47,0.0,-0.9667857014417617,False,0,,,49.0559,49.0559,12.670217,59.95,11.75,,2.890826190736588,1,-3,+3,-5,4,5,6.0,NONE,,,,
